Season,Date,TEAM,Setter Tendency,Position,A Att,A %,H %
2023-2024,2023-11-03,CU,Overall,1,4,50.0%,25.0%
2023-2024,2023-11-03,CU,Overall,2,29,28.0%,6.9%
2023-2024,2023-11-03,CU,Overall,3,15,40.0%,0.0%
2023-2024,2023-11-03,CU,Overall,4,48,44.0%,14.6%
2023-2024,2023-11-03,CU,Overall,5,1,100.0%,100.0%
2023-2024,2023-11-03,CU,Overall,6,2,50.0%,50.0%
2023-2024,2023-11-03,CU,First Ball,1,2,50.0%,0.0%
2023-2024,2023-11-03,CU,First Ball,2,17,35.0%,11.8%
2023-2024,2023-11-03,CU,First Ball,3,11,45.0%,18.2%
2023-2024,2023-11-03,CU,First Ball,4,30,43.0%,13.3%
2023-2024,2023-11-03,CU,First Ball,5,0,0.0%,0.0%
2023-2024,2023-11-03,CU,First Ball,6,1,0.0%,0.0%
2023-2024,2023-11-03,CU,Transition,1,2,50.0%,50.0%
2023-2024,2023-11-03,CU,Transition,2,12,17.0%,0.0%
2023-2024,2023-11-03,CU,Transition,3,4,25.0%,-50.0%
2023-2024,2023-11-03,CU,Transition,4,18,44.0%,16.7%
2023-2024,2023-11-03,CU,Transition,5,1,100.0%,100.0%
2023-2024,2023-11-03,CU,Transition,6,1,100.0%,100.0%
2023-2024,2023-11-03,UNBSJ,Overall,1,1,0.0%,-100.0%
2023-2024,2023-11-03,UNBSJ,Overall,2,13,69.0%,53.8%
2023-2024,2023-11-03,UNBSJ,Overall,3,5,60.0%,40.0%
2023-2024,2023-11-03,UNBSJ,Overall,4,30,63.0%,53.3%
2023-2024,2023-11-03,UNBSJ,Overall,5,2,0.0%,-50.0%
2023-2024,2023-11-03,UNBSJ,Overall,6,1,100.0%,100.0%
2023-2024,2023-11-03,UNBSJ,First Ball,1,0,0.0%,0.0%
2023-2024,2023-11-03,UNBSJ,First Ball,2,6,67.0%,50.0%
2023-2024,2023-11-03,UNBSJ,First Ball,3,1,0.0%,-100.0%
2023-2024,2023-11-03,UNBSJ,First Ball,4,18,67.0%,61.1%
2023-2024,2023-11-03,UNBSJ,First Ball,5,1,0.0%,0.0%
2023-2024,2023-11-03,UNBSJ,First Ball,6,1,100.0%,100.0%
2023-2024,2023-11-03,UNBSJ,Transition,1,1,0.0%,-100.0%
2023-2024,2023-11-03,UNBSJ,Transition,2,7,71.0%,57.1%
2023-2024,2023-11-03,UNBSJ,Transition,3,4,75.0%,75.0%
2023-2024,2023-11-03,UNBSJ,Transition,4,12,58.0%,41.7%
2023-2024,2023-11-03,UNBSJ,Transition,5,1,0.0%,-100.0%
2023-2024,2023-11-03,UNBSJ,Transition,6,0,0.0%,0.0%
2023-2024,2023-11-04,CU,Overall,1,1,0.0%,-100.0%
2023-2024,2023-11-04,CU,Overall,2,9,67.0%,33.3%
2023-2024,2023-11-04,CU,Overall,3,14,29.0%,0.0%
2023-2024,2023-11-04,CU,Overall,4,19,37.0%,10.5%
2023-2024,2023-11-04,CU,Overall,5,0,0.0%,0.0%
2023-2024,2023-11-04,CU,Overall,6,4,25.0%,-25.0%
2023-2024,2023-11-04,CU,First Ball,1,1,0.0%,-100.0%
2023-2024,2023-11-04,CU,First Ball,2,6,67.0%,33.3%
2023-2024,2023-11-04,CU,First Ball,3,10,40.0%,10.0%
2023-2024,2023-11-04,CU,First Ball,4,15,40.0%,13.3%
2023-2024,2023-11-04,CU,First Ball,5,0,0.0%,0.0%
2023-2024,2023-11-04,CU,First Ball,6,1,100.0%,100.0%
2023-2024,2023-11-04,CU,Transition,1,0,0.0%,0.0%
2023-2024,2023-11-04,CU,Transition,2,3,67.0%,33.3%
2023-2024,2023-11-04,CU,Transition,3,4,0.0%,-25.0%
2023-2024,2023-11-04,CU,Transition,4,4,25.0%,0.0%
2023-2024,2023-11-04,CU,Transition,5,0,0.0%,0.0%
2023-2024,2023-11-04,CU,Transition,6,3,0.0%,-66.7%
2023-2024,2023-11-04,STU,Overall,1,2,0.0%,-100.0%
2023-2024,2023-11-04,STU,Overall,2,14,71.0%,64.3%
2023-2024,2023-11-04,STU,Overall,3,18,61.0%,61.1%
2023-2024,2023-11-04,STU,Overall,4,29,48.0%,34.5%
2023-2024,2023-11-04,STU,Overall,5,1,0.0%,0.0%
2023-2024,2023-11-04,STU,Overall,6,1,0.0%,0.0%
2023-2024,2023-11-04,STU,First Ball,1,0,0.0%,0.0%
2023-2024,2023-11-04,STU,First Ball,2,8,100.0%,100.0%
2023-2024,2023-11-04,STU,First Ball,3,10,60.0%,60.0%
2023-2024,2023-11-04,STU,First Ball,4,18,44.0%,27.8%
2023-2024,2023-11-04,STU,First Ball,5,0,0.0%,0.0%
2023-2024,2023-11-04,STU,First Ball,6,1,0.0%,0.0%
2023-2024,2023-11-04,STU,Transition,1,2,0.0%,-100.0%
2023-2024,2023-11-04,STU,Transition,2,6,33.3%,16.7%
2023-2024,2023-11-04,STU,Transition,3,8,63.0%,62.5%
2023-2024,2023-11-04,STU,Transition,4,11,55.0%,45.5%
2023-2024,2023-11-04,STU,Transition,5,1,0.0%,0.0%
2023-2024,2023-11-04,STU,Transition,6,0,0.0%,0.0%
2023-2024,2023-11-11,CU,Overall,1,0,0.0%,0.0%
2023-2024,2023-11-11,CU,Overall,2,19,42.0%,26.3%
2023-2024,2023-11-11,CU,Overall,3,5,60.0%,40.0%
2023-2024,2023-11-11,CU,Overall,4,28,39.0%,10.7%
2023-2024,2023-11-11,CU,Overall,5,4,0.0%,-25.0%
2023-2024,2023-11-11,CU,Overall,6,3,0.0%,-33.3%
2023-2024,2023-11-11,CU,First Ball,1,0,0.0%,0.0%
2023-2024,2023-11-11,CU,First Ball,2,14,43.0%,28.6%
2023-2024,2023-11-11,CU,First Ball,3,3,67.0%,66.7%
2023-2024,2023-11-11,CU,First Ball,4,20,40.0%,10.0%
2023-2024,2023-11-11,CU,First Ball,5,3,0.0%,-33.3%
2023-2024,2023-11-11,CU,First Ball,6,2,0.0%,-50.0%
2023-2024,2023-11-11,CU,Transition,1,0,0.0%,0.0%
2023-2024,2023-11-11,CU,Transition,2,5,40.0%,20.0%
2023-2024,2023-11-11,CU,Transition,3,2,50.0%,0.0%
2023-2024,2023-11-11,CU,Transition,4,8,38.0%,12.5%
2023-2024,2023-11-11,CU,Transition,5,1,0.0%,0.0%
2023-2024,2023-11-11,CU,Transition,6,1,0.0%,0.0%
2023-2024,2023-11-11,USTA,Overall,1,1,100.0%,100.0%
2023-2024,2023-11-11,USTA,Overall,2,18,44.0%,16.7%
2023-2024,2023-11-11,USTA,Overall,3,21,67.0%,61.9%
2023-2024,2023-11-11,USTA,Overall,4,25,40.0%,20.0%
2023-2024,2023-11-11,USTA,Overall,5,0,0.0%,0.0%
2023-2024,2023-11-11,USTA,Overall,6,2,50.0%,50.0%
2023-2024,2023-11-11,USTA,First Ball,1,1,100.0%,100.0%
2023-2024,2023-11-11,USTA,First Ball,2,9,44.0%,22.2%
2023-2024,2023-11-11,USTA,First Ball,3,13,69.0%,69.2%
2023-2024,2023-11-11,USTA,First Ball,4,17,35.0%,11.8%
2023-2024,2023-11-11,USTA,First Ball,5,0,0.0%,0.0%
2023-2024,2023-11-11,USTA,First Ball,6,1,100.0%,100.0%
2023-2024,2023-11-11,USTA,Transition,1,0,0.0%,0.0%
2023-2024,2023-11-11,USTA,Transition,2,9,44.0%,11.1%
2023-2024,2023-11-11,USTA,Transition,3,8,63.0%,50.0%
2023-2024,2023-11-11,USTA,Transition,4,8,50.0%,37.5%
2023-2024,2023-11-11,USTA,Transition,5,0,0.0%,0.0%
2023-2024,2023-11-11,USTA,Transition,6,1,0.0%,0.0%
2023-2024,2023-11-12,CU,Overall,1,,,
2023-2024,2023-11-12,CU,Overall,2,,,
2023-2024,2023-11-12,CU,Overall,3,,,
2023-2024,2023-11-12,CU,Overall,4,,,
2023-2024,2023-11-12,CU,Overall,5,,,
2023-2024,2023-11-12,CU,Overall,6,,,
2023-2024,2023-11-12,CU,First Ball,1,,,
2023-2024,2023-11-12,CU,First Ball,2,,,
2023-2024,2023-11-12,CU,First Ball,3,,,
2023-2024,2023-11-12,CU,First Ball,4,,,
2023-2024,2023-11-12,CU,First Ball,5,,,
2023-2024,2023-11-12,CU,First Ball,6,,,
2023-2024,2023-11-12,CU,Transition,1,,,
2023-2024,2023-11-12,CU,Transition,2,,,
2023-2024,2023-11-12,CU,Transition,3,,,
2023-2024,2023-11-12,CU,Transition,4,,,
2023-2024,2023-11-12,CU,Transition,5,,,
2023-2024,2023-11-12,CU,Transition,6,,,
2023-2024,2023-11-12,STU,Overall,1,,,
2023-2024,2023-11-12,STU,Overall,2,,,
2023-2024,2023-11-12,STU,Overall,3,,,
2023-2024,2023-11-12,STU,Overall,4,,,
2023-2024,2023-11-12,STU,Overall,5,,,
2023-2024,2023-11-12,STU,Overall,6,,,
2023-2024,2023-11-12,STU,First Ball,1,,,
2023-2024,2023-11-12,STU,First Ball,2,,,
2023-2024,2023-11-12,STU,First Ball,3,,,
2023-2024,2023-11-12,STU,First Ball,4,,,
2023-2024,2023-11-12,STU,First Ball,5,,,
2023-2024,2023-11-12,STU,First Ball,6,,,
2023-2024,2023-11-12,STU,Transition,1,,,
2023-2024,2023-11-12,STU,Transition,2,,,
2023-2024,2023-11-12,STU,Transition,3,,,
2023-2024,2023-11-12,STU,Transition,4,,,
2023-2024,2023-11-12,STU,Transition,5,,,
2023-2024,2023-11-12,STU,Transition,6,,,
2023-2024,2023-11-24,CU,Overall,1,0,0.0%,0.0%
2023-2024,2023-11-24,CU,Overall,2,19,42.0%,26.3%
2023-2024,2023-11-24,CU,Overall,3,5,60.0%,40.0%
2023-2024,2023-11-24,CU,Overall,4,28,39.0%,10.7%
2023-2024,2023-11-24,CU,Overall,5,4,0.0%,-25.0%
2023-2024,2023-11-24,CU,Overall,6,3,0.0%,-33.3%
2023-2024,2023-11-24,CU,First Ball,1,0,0.0%,0.0%
2023-2024,2023-11-24,CU,First Ball,2,14,43.0%,28.6%
2023-2024,2023-11-24,CU,First Ball,3,3,67.0%,66.7%
2023-2024,2023-11-24,CU,First Ball,4,20,40.0%,10.0%
2023-2024,2023-11-24,CU,First Ball,5,3,0.0%,-33.3%
2023-2024,2023-11-24,CU,First Ball,6,2,0.0%,-50.0%
2023-2024,2023-11-24,CU,Transition,1,0,0.0%,0.0%
2023-2024,2023-11-24,CU,Transition,2,5,40.0%,20.0%
2023-2024,2023-11-24,CU,Transition,3,2,50.0%,0.0%
2023-2024,2023-11-24,CU,Transition,4,8,38.0%,12.5%
2023-2024,2023-11-24,CU,Transition,5,1,0.0%,0.0%
2023-2024,2023-11-24,CU,Transition,6,1,0.0%,0.0%
2023-2024,2023-11-24,Holland,Overall,1,1,100.0%,100.0%
2023-2024,2023-11-24,Holland,Overall,2,18,44.0%,16.7%
2023-2024,2023-11-24,Holland,Overall,3,21,67.0%,61.9%
2023-2024,2023-11-24,Holland,Overall,4,25,40.0%,20.0%
2023-2024,2023-11-24,Holland,Overall,5,0,0.0%,0.0%
2023-2024,2023-11-24,Holland,Overall,6,2,50.0%,50.0%
2023-2024,2023-11-24,Holland,First Ball,1,1,100.0%,100.0%
2023-2024,2023-11-24,Holland,First Ball,2,9,44.0%,22.2%
2023-2024,2023-11-24,Holland,First Ball,3,13,69.0%,69.2%
2023-2024,2023-11-24,Holland,First Ball,4,17,35.0%,11.8%
2023-2024,2023-11-24,Holland,First Ball,5,0,0.0%,0.0%
2023-2024,2023-11-24,Holland,First Ball,6,1,100.0%,100.0%
2023-2024,2023-11-24,Holland,Transition,1,0,0.0%,0.0%
2023-2024,2023-11-24,Holland,Transition,2,9,44.0%,11.1%
2023-2024,2023-11-24,Holland,Transition,3,8,63.0%,50.0%
2023-2024,2023-11-24,Holland,Transition,4,8,50.0%,37.5%
2023-2024,2023-11-24,Holland,Transition,5,0,0.0%,0.0%
2023-2024,2023-11-24,Holland,Transition,6,1,0.0%,0.0%
2023-2024,2023-11-26,CU,Overall,1,,,
2023-2024,2023-11-26,CU,Overall,2,,,
2023-2024,2023-11-26,CU,Overall,3,,,
2023-2024,2023-11-26,CU,Overall,4,,,
2023-2024,2023-11-26,CU,Overall,5,,,
2023-2024,2023-11-26,CU,Overall,6,,,
2023-2024,2023-11-26,CU,First Ball,1,,,
2023-2024,2023-11-26,CU,First Ball,2,,,
2023-2024,2023-11-26,CU,First Ball,3,,,
2023-2024,2023-11-26,CU,First Ball,4,,,
2023-2024,2023-11-26,CU,First Ball,5,,,
2023-2024,2023-11-26,CU,First Ball,6,,,
2023-2024,2023-11-26,CU,Transition,1,,,
2023-2024,2023-11-26,CU,Transition,2,,,
2023-2024,2023-11-26,CU,Transition,3,,,
2023-2024,2023-11-26,CU,Transition,4,,,
2023-2024,2023-11-26,CU,Transition,5,,,
2023-2024,2023-11-26,CU,Transition,6,,,
2023-2024,2023-11-26,UNBSJ,Overall,1,,,
2023-2024,2023-11-26,UNBSJ,Overall,2,,,
2023-2024,2023-11-26,UNBSJ,Overall,3,,,
2023-2024,2023-11-26,UNBSJ,Overall,4,,,
2023-2024,2023-11-26,UNBSJ,Overall,5,,,
2023-2024,2023-11-26,UNBSJ,Overall,6,,,
2023-2024,2023-11-26,UNBSJ,First Ball,1,,,
2023-2024,2023-11-26,UNBSJ,First Ball,2,,,
2023-2024,2023-11-26,UNBSJ,First Ball,3,,,
2023-2024,2023-11-26,UNBSJ,First Ball,4,,,
2023-2024,2023-11-26,UNBSJ,First Ball,5,,,
2023-2024,2023-11-26,UNBSJ,First Ball,6,,,
2023-2024,2023-11-26,UNBSJ,Transition,1,,,
2023-2024,2023-11-26,UNBSJ,Transition,2,,,
2023-2024,2023-11-26,UNBSJ,Transition,3,,,
2023-2024,2023-11-26,UNBSJ,Transition,4,,,
2023-2024,2023-11-26,UNBSJ,Transition,5,,,
2023-2024,2023-11-26,UNBSJ,Transition,6,,,
2023-2024,2023-12-02,CU,Overall,1,4,25.0%,25.0%
2023-2024,2023-12-02,CU,Overall,2,17,6.0%,-23.5%
2023-2024,2023-12-02,CU,Overall,3,10,30.0%,-10.0%
2023-2024,2023-12-02,CU,Overall,4,34,32.0%,14.7%
2023-2024,2023-12-02,CU,Overall,5,1,0.0%,0.0%
2023-2024,2023-12-02,CU,Overall,6,5,20.0%,0.0%
2023-2024,2023-12-02,CU,First Ball,1,2,0.0%,0.0%
2023-2024,2023-12-02,CU,First Ball,2,12,8.0%,-16.7%
2023-2024,2023-12-02,CU,First Ball,3,9,33.0%,-11.1%
2023-2024,2023-12-02,CU,First Ball,4,23,30.0%,13.0%
2023-2024,2023-12-02,CU,First Ball,5,1,0.0%,0.0%
2023-2024,2023-12-02,CU,First Ball,6,2,50.0%,50.0%
2023-2024,2023-12-02,CU,Transition,1,2,50.0%,50.0%
2023-2024,2023-12-02,CU,Transition,2,5,0.0%,-40.0%
2023-2024,2023-12-02,CU,Transition,3,1,0.0%,0.0%
2023-2024,2023-12-02,CU,Transition,4,11,36.0%,18.2%
2023-2024,2023-12-02,CU,Transition,5,0,0.0%,0.0%
2023-2024,2023-12-02,CU,Transition,6,3,0.0%,0.0%
2023-2024,2023-12-02,Holland,Overall,1,3,33.0%,0.0%
2023-2024,2023-12-02,Holland,Overall,2,16,50.0%,43.8%
2023-2024,2023-12-02,Holland,Overall,3,16,56.0%,43.8%
2023-2024,2023-12-02,Holland,Overall,4,20,40.0%,15.0%
2023-2024,2023-12-02,Holland,Overall,5,0,0.0%,0.0%
2023-2024,2023-12-02,Holland,Overall,6,1,100.0%,100.0%
2023-2024,2023-12-02,Holland,First Ball,1,1,100.0%,100.0%
2023-2024,2023-12-02,Holland,First Ball,2,3,67.0%,66.7%
2023-2024,2023-12-02,Holland,First Ball,3,10,60.0%,50.0%
2023-2024,2023-12-02,Holland,First Ball,4,8,38.0%,-12.5%
2023-2024,2023-12-02,Holland,First Ball,5,0,0.0%,0.0%
2023-2024,2023-12-02,Holland,First Ball,6,0,0.0%,0.0%
2023-2024,2023-12-02,Holland,Transition,1,2,0.0%,-50.0%
2023-2024,2023-12-02,Holland,Transition,2,13,46.0%,38.5%
2023-2024,2023-12-02,Holland,Transition,3,6,50.0%,33.3%
2023-2024,2023-12-02,Holland,Transition,4,12,42.0%,33.3%
2023-2024,2023-12-02,Holland,Transition,5,0,0.0%,0.0%
2023-2024,2023-12-02,Holland,Transition,6,1,100.0%,100.0%
2023-2024,2024-01-14,CU,Overall,1,4,25.0%,0.0%
2023-2024,2024-01-14,CU,Overall,2,21,43.0%,14.3%
2023-2024,2024-01-14,CU,Overall,3,15,47.0%,40.0%
2023-2024,2024-01-14,CU,Overall,4,42,29.0%,7.1%
2023-2024,2024-01-14,CU,Overall,5,2,0.0%,0.0%
2023-2024,2024-01-14,CU,Overall,6,6,33.3%,16.7%
2023-2024,2024-01-14,CU,First Ball,1,1,100.0%,100.0%
2023-2024,2024-01-14,CU,First Ball,2,16,44.0%,12.5%
2023-2024,2024-01-14,CU,First Ball,3,9,44.0%,33.3%
2023-2024,2024-01-14,CU,First Ball,4,26,31.0%,11.5%
2023-2024,2024-01-14,CU,First Ball,5,2,0.0%,0.0%
2023-2024,2024-01-14,CU,First Ball,6,4,25.0%,0.0%
2023-2024,2024-01-14,CU,Transition,1,3,0.0%,33.3%
2023-2024,2024-01-14,CU,Transition,2,5,40.0%,20.0%
2023-2024,2024-01-14,CU,Transition,3,6,50.0%,50.0%
2023-2024,2024-01-14,CU,Transition,4,16,25.0%,0.0%
2023-2024,2024-01-14,CU,Transition,5,0,0.0%,0.0%
2023-2024,2024-01-14,CU,Transition,6,2,50.0%,50.0%
2023-2024,2024-01-14,UNBSJ,Overall,1,2,50.0%,50.0%
2023-2024,2024-01-14,UNBSJ,Overall,2,23,48.0%,34.8%
2023-2024,2024-01-14,UNBSJ,Overall,3,12,50.0%,33.3%
2023-2024,2024-01-14,UNBSJ,Overall,4,44,45.0%,31.8%
2023-2024,2024-01-14,UNBSJ,Overall,5,0,0.0%,0.0%
2023-2024,2024-01-14,UNBSJ,Overall,6,2,100.0%,100.0%
2023-2024,2024-01-14,UNBSJ,First Ball,1,1,100.0%,100.0%
2023-2024,2024-01-14,UNBSJ,First Ball,2,14,57.0%,50.0%
2023-2024,2024-01-14,UNBSJ,First Ball,3,3,33.0%,0.0%
2023-2024,2024-01-14,UNBSJ,First Ball,4,24,42.0%,29.2%
2023-2024,2024-01-14,UNBSJ,First Ball,5,0,0.0%,0.0%
2023-2024,2024-01-14,UNBSJ,First Ball,6,0,0.0%,0.0%
2023-2024,2024-01-14,UNBSJ,Transition,1,1,0.0%,0.0%
2023-2024,2024-01-14,UNBSJ,Transition,2,9,33.0%,11.1%
2023-2024,2024-01-14,UNBSJ,Transition,3,9,56.0%,44.4%
2023-2024,2024-01-14,UNBSJ,Transition,4,20,50.0%,35.0%
2023-2024,2024-01-14,UNBSJ,Transition,5,0,0.0%,0.0%
2023-2024,2024-01-14,UNBSJ,Transition,6,2,100.0%,100.0%
2023-2024,2024-01-20,CU,Overall,1,4,0.0%,-75.0%
2023-2024,2024-01-20,CU,Overall,2,12,42.0%,8.3%
2023-2024,2024-01-20,CU,Overall,3,13,15.0%,-23.1%
2023-2024,2024-01-20,CU,Overall,4,26,25.0%,0.0%
2023-2024,2024-01-20,CU,Overall,5,2,0.0%,-50.0%
2023-2024,2024-01-20,CU,Overall,6,12,8.0%,0.0%
2023-2024,2024-01-20,CU,First Ball,1,2,0.0%,-100.0%
2023-2024,2024-01-20,CU,First Ball,2,8,38.0%,12.5%
2023-2024,2024-01-20,CU,First Ball,3,8,13.0%,-25.0%
2023-2024,2024-01-20,CU,First Ball,4,18,33.3%,0.0%
2023-2024,2024-01-20,CU,First Ball,5,1,0.0%,0.0%
2023-2024,2024-01-20,CU,First Ball,6,6,0.0%,0.0%
2023-2024,2024-01-20,CU,Transition,1,2,0.0%,-50.0%
2023-2024,2024-01-20,CU,Transition,2,4,50.0%,0.0%
2023-2024,2024-01-20,CU,Transition,3,5,20.0%,-20.0%
2023-2024,2024-01-20,CU,Transition,4,8,38.0%,0.0%
2023-2024,2024-01-20,CU,Transition,5,1,0.0%,-100.0%
2023-2024,2024-01-20,CU,Transition,6,6,17.0%,0.0%
2023-2024,2024-01-20,STU,Overall,1,3,33.0%,33.3%
2023-2024,2024-01-20,STU,Overall,2,10,40.0%,10.0%
2023-2024,2024-01-20,STU,Overall,3,13,46.0%,46.2%
2023-2024,2024-01-20,STU,Overall,4,21,29.0%,14.3%
2023-2024,2024-01-20,STU,Overall,5,0,0.0%,0.0%
2023-2024,2024-01-20,STU,Overall,6,2,50.0%,50.0%
2023-2024,2024-01-20,STU,First Ball,1,1,0.0%,0.0%
2023-2024,2024-01-20,STU,First Ball,2,3,67.0%,33.3%
2023-2024,2024-01-20,STU,First Ball,3,7,43.0%,42.9%
2023-2024,2024-01-20,STU,First Ball,4,12,25.0%,8.3%
2023-2024,2024-01-20,STU,First Ball,5,0,0.0%,0.0%
2023-2024,2024-01-20,STU,First Ball,6,0,0.0%,0.0%
2023-2024,2024-01-20,STU,Transition,1,2,50.0%,50.0%
2023-2024,2024-01-20,STU,Transition,2,7,29.0%,0.0%
2023-2024,2024-01-20,STU,Transition,3,6,50.0%,50.0%
2023-2024,2024-01-20,STU,Transition,4,9,33.0%,22.2%
2023-2024,2024-01-20,STU,Transition,5,0,0.0%,0.0%
2023-2024,2024-01-20,STU,Transition,6,2,50.0%,50.0%
2023-2024,2024-01-27,CU,Overall,1,9,11.0%,-33.3%
2023-2024,2024-01-27,CU,Overall,2,19,47.0%,31.6%
2023-2024,2024-01-27,CU,Overall,3,11,27.0%,0.0%
2023-2024,2024-01-27,CU,Overall,4,23,22.0%,-8.7%
2023-2024,2024-01-27,CU,Overall,5,3,0.0%,0.0%
2023-2024,2024-01-27,CU,Overall,6,3,33.0%,0.0%
2023-2024,2024-01-27,CU,First Ball,1,8,13.0%,-25.0%
2023-2024,2024-01-27,CU,First Ball,2,12,50.0%,33.3%
2023-2024,2024-01-27,CU,First Ball,3,5,40.0%,0.0%
2023-2024,2024-01-27,CU,First Ball,4,15,33.0%,6.7%
2023-2024,2024-01-27,CU,First Ball,5,1,0.0%,0.0%
2023-2024,2024-01-27,CU,First Ball,6,1,0.0%,-100.0%
2023-2024,2024-01-27,CU,Transition,1,1,0.0%,-100.0%
2023-2024,2024-01-27,CU,Transition,2,7,43.0%,28.6%
2023-2024,2024-01-27,CU,Transition,3,6,17.0%,0.0%
2023-2024,2024-01-27,CU,Transition,4,8,0.0%,-37.5%
2023-2024,2024-01-27,CU,Transition,5,2,0.0%,0.0%
2023-2024,2024-01-27,CU,Transition,6,2,50.0%,50.0%
2023-2024,2024-01-27,STU,Overall,1,3,67.0%,33.3%
2023-2024,2024-01-27,STU,Overall,2,16,38.0%,12.5%
2023-2024,2024-01-27,STU,Overall,3,9,67.0%,66.7%
2023-2024,2024-01-27,STU,Overall,4,24,38.0%,12.5%
2023-2024,2024-01-27,STU,Overall,5,4,25.0%,0.0%
2023-2024,2024-01-27,STU,Overall,6,1,0.0%,0.0%
2023-2024,2024-01-27,STU,First Ball,1,3,67.0%,33.3%
2023-2024,2024-01-27,STU,First Ball,2,7,29.0%,0.0%
2023-2024,2024-01-27,STU,First Ball,3,5,60.0%,60.0%
2023-2024,2024-01-27,STU,First Ball,4,15,27.0%,0.0%
2023-2024,2024-01-27,STU,First Ball,5,1,100.0%,100.0%
2023-2024,2024-01-27,STU,First Ball,6,0,0.0%,0.0%
2023-2024,2024-01-27,STU,Transition,1,0,0.0%,0.0%
2023-2024,2024-01-27,STU,Transition,2,9,44.0%,22.2%
2023-2024,2024-01-27,STU,Transition,3,4,75.0%,75.0%
2023-2024,2024-01-27,STU,Transition,4,9,56.0%,33.3%
2023-2024,2024-01-27,STU,Transition,5,3,0.0%,-33.3%
2023-2024,2024-01-27,STU,Transition,6,1,0.0%,0.0%
2023-2024,2024-01-28,CU,Overall,1,7,0.0%,-42.9%
2023-2024,2024-01-28,CU,Overall,2,19,16.0%,-10.5%
2023-2024,2024-01-28,CU,Overall,3,18,33.0%,16.7%
2023-2024,2024-01-28,CU,Overall,4,31,35.0%,22.6%
2023-2024,2024-01-28,CU,Overall,5,3,0.0%,0.0%
2023-2024,2024-01-28,CU,Overall,6,6,33.0%,16.7%
2023-2024,2024-01-28,CU,First Ball,1,4,0.0%,-50.0%
2023-2024,2024-01-28,CU,First Ball,2,10,30.0%,20.0%
2023-2024,2024-01-28,CU,First Ball,3,14,29.0%,7.1%
2023-2024,2024-01-28,CU,First Ball,4,19,42.0%,26.3%
2023-2024,2024-01-28,CU,First Ball,5,1,0.0%,0.0%
2023-2024,2024-01-28,CU,First Ball,6,2,50.0%,0.0%
2023-2024,2024-01-28,CU,Transition,1,3,0.0%,-33.3%
2023-2024,2024-01-28,CU,Transition,2,9,0.0%,-44.4%
2023-2024,2024-01-28,CU,Transition,3,4,50.0%,50.0%
2023-2024,2024-01-28,CU,Transition,4,12,25.0%,16.7%
2023-2024,2024-01-28,CU,Transition,5,2,0.0%,0.0%
2023-2024,2024-01-28,CU,Transition,6,4,25.0%,25.0%
2023-2024,2024-01-28,Holland,Overall,1,2,50.0%,50.0%
2023-2024,2024-01-28,Holland,Overall,2,25,48.0%,40.0%
2023-2024,2024-01-28,Holland,Overall,3,17,29.0%,0.0%
2023-2024,2024-01-28,Holland,Overall,4,34,41.0%,20.6%
2023-2024,2024-01-28,Holland,Overall,5,4,25.0%,0.0%
2023-2024,2024-01-28,Holland,Overall,6,1,0.0%,0.0%
2023-2024,2024-01-28,Holland,First Ball,1,1,100.0%,100.0%
2023-2024,2024-01-28,Holland,First Ball,2,13,54.0%,46.2%
2023-2024,2024-01-28,Holland,First Ball,3,6,33.3%,-16.7%
2023-2024,2024-01-28,Holland,First Ball,4,15,40.0%,20.0%
2023-2024,2024-01-28,Holland,First Ball,5,2,0.0%,-50.0%
2023-2024,2024-01-28,Holland,First Ball,6,0,0.0%,0.0%
2023-2024,2024-01-28,Holland,Transition,1,1,0.0%,0.0%
2023-2024,2024-01-28,Holland,Transition,2,12,42.0%,33.3%
2023-2024,2024-01-28,Holland,Transition,3,11,27.0%,9.1%
2023-2024,2024-01-28,Holland,Transition,4,19,42.0%,21.1%
2023-2024,2024-01-28,Holland,Transition,5,2,50.0%,60.0%
2023-2024,2024-01-28,Holland,Transition,6,1,0.0%,0.0%
2023-2024,2024-02-02,CU,Overall,1,8,38.0%,12.5%
2023-2024,2024-02-02,CU,Overall,2,7,43.0%,42.9%
2023-2024,2024-02-02,CU,Overall,3,8,13.0%,0.0%
2023-2024,2024-02-02,CU,Overall,4,23,39.0%,21.7%
2023-2024,2024-02-02,CU,Overall,5,2,50.0%,0.0%
2023-2024,2024-02-02,CU,Overall,6,5,40.0%,20.0%
2023-2024,2024-02-02,CU,First Ball,1,5,20.0%,0.0%
2023-2024,2024-02-02,CU,First Ball,2,3,100.0%,100.0%
2023-2024,2024-02-02,CU,First Ball,3,5,20.0%,0.0%
2023-2024,2024-02-02,CU,First Ball,4,15,33.0%,13.3%
2023-2024,2024-02-02,CU,First Ball,5,0,0.0%,0.0%
2023-2024,2024-02-02,CU,First Ball,6,4,50.0%,25.0%
2023-2024,2024-02-02,CU,Transition,1,3,67.0%,33.3%
2023-2024,2024-02-02,CU,Transition,2,4,0.0%,0.0%
2023-2024,2024-02-02,CU,Transition,3,3,0.0%,0.0%
2023-2024,2024-02-02,CU,Transition,4,8,50.0%,37.5%
2023-2024,2024-02-02,CU,Transition,5,2,50.0%,0.0%
2023-2024,2024-02-02,CU,Transition,6,1,0.0%,0.0%
2023-2024,2024-02-02,USTA,Overall,1,2,50.0%,50.0%
2023-2024,2024-02-02,USTA,Overall,2,10,70.0%,70.0%
2023-2024,2024-02-02,USTA,Overall,3,21,48.0%,42.9%
2023-2024,2024-02-02,USTA,Overall,4,22,55.0%,45.5%
2023-2024,2024-02-02,USTA,Overall,5,1,0.0%,0.0%
2023-2024,2024-02-02,USTA,Overall,6,8,50.0%,37.5%
2023-2024,2024-02-02,USTA,First Ball,1,1,0.0%,0.0%
2023-2024,2024-02-02,USTA,First Ball,2,6,67.0%,66.7%
2023-2024,2024-02-02,USTA,First Ball,3,11,45.0%,45.5%
2023-2024,2024-02-02,USTA,First Ball,4,8,63.0%,62.6%
2023-2024,2024-02-02,USTA,First Ball,5,1,0.0%,0.0%
2023-2024,2024-02-02,USTA,First Ball,6,5,40.0%,20.0%
2023-2024,2024-02-02,USTA,Transition,1,1,100.0%,100.0%
2023-2024,2024-02-02,USTA,Transition,2,4,75.0%,75.0%
2023-2024,2024-02-02,USTA,Transition,3,10,50.0%,40.0%
2023-2024,2024-02-02,USTA,Transition,4,14,50.0%,35.7%
2023-2024,2024-02-02,USTA,Transition,5,0,0.0%,0.0%
2023-2024,2024-02-02,USTA,Transition,6,3,67.0%,66.7%
2023-2024,2024-02-03,CU,Overall,1,3,0.0%,-66.7%
2023-2024,2024-02-03,CU,Overall,2,15,33.0%,13.3%
2023-2024,2024-02-03,CU,Overall,3,14,36.0%,7.1%
2023-2024,2024-02-03,CU,Overall,4,30,33.0%,3.3%
2023-2024,2024-02-03,CU,Overall,5,2,50.0%,50.0%
2023-2024,2024-02-03,CU,Overall,6,2,50.0%,0.0%
2023-2024,2024-02-03,CU,First Ball,1,3,0.0%,-66.7%
2023-2024,2024-02-03,CU,First Ball,2,9,33.0%,11.1%
2023-2024,2024-02-03,CU,First Ball,3,12,33.0%,0.0%
2023-2024,2024-02-03,CU,First Ball,4,20,40.0%,10.0%
2023-2024,2024-02-03,CU,First Ball,5,0,0.0%,0.0%
2023-2024,2024-02-03,CU,First Ball,6,1,100.0%,100.0%
2023-2024,2024-02-03,CU,Transition,1,0,0.0%,0.0%
2023-2024,2024-02-03,CU,Transition,2,6,33.0%,16.7%
2023-2024,2024-02-03,CU,Transition,3,2,50.0%,50.0%
2023-2024,2024-02-03,CU,Transition,4,10,20.0%,-10.0%
2023-2024,2024-02-03,CU,Transition,5,2,50.0%,50.0%
2023-2024,2024-02-03,CU,Transition,6,1,0.0%,-100.0%
2023-2024,2024-02-03,USTA,Overall,1,3,0.0%,-66.7%
2023-2024,2024-02-03,USTA,Overall,2,13,54.0%,30.8%
2023-2024,2024-02-03,USTA,Overall,3,14,57.0%,35.7%
2023-2024,2024-02-03,USTA,Overall,4,24,54.0%,45.8%
2023-2024,2024-02-03,USTA,Overall,5,3,67.0%,66.7%
2023-2024,2024-02-03,USTA,Overall,6,7,43.0%,14.3%
2023-2024,2024-02-03,USTA,First Ball,1,1,0.0%,-100.0%
2023-2024,2024-02-03,USTA,First Ball,2,8,63.0%,37.5%
2023-2024,2024-02-03,USTA,First Ball,3,9,44.0%,11.1%
2023-2024,2024-02-03,USTA,First Ball,4,15,53.0%,46.7%
2023-2024,2024-02-03,USTA,First Ball,5,3,67.0%,66.7%
2023-2024,2024-02-03,USTA,First Ball,6,2,100.0%,100.0%
2023-2024,2024-02-03,USTA,Transition,1,2,0.0%,-50.0%
2023-2024,2024-02-03,USTA,Transition,2,5,40.0%,20.0%
2023-2024,2024-02-03,USTA,Transition,3,5,80.0%,80.0%
2023-2024,2024-02-03,USTA,Transition,4,9,56.0%,44.4%
2023-2024,2024-02-03,USTA,Transition,5,0,0.0%,0.0%
2023-2024,2024-02-03,USTA,Transition,6,5,20.0%,-20.0%
2023-2024,2024-02-10,CU,Overall,1,7,14.0%,-11.4%
2023-2024,2024-02-10,CU,Overall,2,17,24.0%,-11.8%
2023-2024,2024-02-10,CU,Overall,3,17,12.0%,-29.4%
2023-2024,2024-02-10,CU,Overall,4,35,26.0%,2.9%
2023-2024,2024-02-10,CU,Overall,5,2,0.0%,0.0%
2023-2024,2024-02-10,CU,Overall,6,6,33.0%,16.7%
2023-2024,2024-02-10,CU,First Ball,1,4,25.0%,-25.0%
2023-2024,2024-02-10,CU,First Ball,2,10,30.0%,-20.0%
2023-2024,2024-02-10,CU,First Ball,3,14,7.0%,-35.7%
2023-2024,2024-02-10,CU,First Ball,4,20,30.0%,0.0%
2023-2024,2024-02-10,CU,First Ball,5,0,0.0%,0.0%
2023-2024,2024-02-10,CU,First Ball,6,2,0.0%,0.0%
2023-2024,2024-02-10,CU,Transition,1,3,0.0%,0.0%
2023-2024,2024-02-10,CU,Transition,2,7,14.0%,0.0%
2023-2024,2024-02-10,CU,Transition,3,3,0.0%,0.0%
2023-2024,2024-02-10,CU,Transition,4,15,20.0%,6.7%
2023-2024,2024-02-10,CU,Transition,5,2,0.0%,0.0%
2023-2024,2024-02-10,CU,Transition,6,4,25.0%,25.0%
2023-2024,2024-02-10,Holland,Overall,1,7,29.0%,28.6%
2023-2024,2024-02-10,Holland,Overall,2,22,32.0%,4.5%
2023-2024,2024-02-10,Holland,Overall,3,13,54.0%,38.5%
2023-2024,2024-02-10,Holland,Overall,4,29,41.0%,27.6%
2023-2024,2024-02-10,Holland,Overall,5,3,67.0%,66.7%
2023-2024,2024-02-10,Holland,Overall,6,2,60.0%,50.0%
2023-2024,2024-02-10,Holland,First Ball,1,4,50.0%,50.0%
2023-2024,2024-02-10,Holland,First Ball,2,9,33.0%,-22.2%
2023-2024,2024-02-10,Holland,First Ball,3,6,50.0%,16.7%
2023-2024,2024-02-10,Holland,First Ball,4,13,54.0%,38.5%
2023-2024,2024-02-10,Holland,First Ball,5,2,100.0%,100.0%
2023-2024,2024-02-10,Holland,First Ball,6,1,0.0%,0.0%
2023-2024,2024-02-10,Holland,Transition,1,3,0.0%,0.0%
2023-2024,2024-02-10,Holland,Transition,2,13,31.0%,23.1%
2023-2024,2024-02-10,Holland,Transition,3,7,57.0%,57.1%
2023-2024,2024-02-10,Holland,Transition,4,16,31.0%,18.8%
2023-2024,2024-02-10,Holland,Transition,5,1,0.0%,0.0%
2023-2024,2024-02-10,Holland,Transition,6,1,100.0%,100.0%
2023-2024,2024-02-11,CU,Overall,1,12,17.0%,-33.3%
2023-2024,2024-02-11,CU,Overall,2,28,21.0%,-17.9%
2023-2024,2024-02-11,CU,Overall,3,6,17.0%,16.7%
2023-2024,2024-02-11,CU,Overall,4,61,30.0%,8.2%
2023-2024,2024-02-11,CU,Overall,5,3,33.3%,0.0%
2023-2024,2024-02-11,CU,Overall,6,4,25.0%,0.0%
2023-2024,2024-02-11,CU,First Ball,1,7,29.0%,0.0%
2023-2024,2024-02-11,CU,First Ball,2,18,17.0%,-22.2%
2023-2024,2024-02-11,CU,First Ball,3,3,0.0%,0.0%
2023-2024,2024-02-11,CU,First Ball,4,35,20.0%,-5.7%
2023-2024,2024-02-11,CU,First Ball,5,3,33.3%,0.0%
2023-2024,2024-02-11,CU,First Ball,6,0,0.0%,0.0%
2023-2024,2024-02-11,CU,Transition,1,5,0.0%,-80.0%
2023-2024,2024-02-11,CU,Transition,2,10,30.0%,-10.0%
2023-2024,2024-02-11,CU,Transition,3,3,33.3%,33.3%
2023-2024,2024-02-11,CU,Transition,4,26,42.0%,26.9%
2023-2024,2024-02-11,CU,Transition,5,0,0.0%,0.0%
2023-2024,2024-02-11,CU,Transition,6,4,25.0%,0.0%
2023-2024,2024-02-11,UNBSJ,Overall,1,3,0.0%,0.0%
2023-2024,2024-02-11,UNBSJ,Overall,2,23,48.0%,39.1%
2023-2024,2024-02-11,UNBSJ,Overall,3,10,60.0%,50.0%
2023-2024,2024-02-11,UNBSJ,Overall,4,56,39.0%,17.9%
2023-2024,2024-02-11,UNBSJ,Overall,5,6,0.0%,0.0%
2023-2024,2024-02-11,UNBSJ,Overall,6,5,20.0%,-40.0%
2023-2024,2024-02-11,UNBSJ,First Ball,1,1,0.0%,0.0%
2023-2024,2024-02-11,UNBSJ,First Ball,2,14,50.0%,35.7%
2023-2024,2024-02-11,UNBSJ,First Ball,3,4,75.0%,75.0%
2023-2024,2024-02-11,UNBSJ,First Ball,4,26,42.0%,30.8%
2023-2024,2024-02-11,UNBSJ,First Ball,5,4,0.0%,0.0%
2023-2024,2024-02-11,UNBSJ,First Ball,6,0,0.0%,0.0%
2023-2024,2024-02-11,UNBSJ,Transition,1,2,0.0%,0.0%
2023-2024,2024-02-11,UNBSJ,Transition,2,9,44.0%,44.4%
2023-2024,2024-02-11,UNBSJ,Transition,3,6,50.0%,33.3%
2023-2024,2024-02-11,UNBSJ,Transition,4,30,37.0%,6.7%
2023-2024,2024-02-11,UNBSJ,Transition,5,2,0.0%,0.0%
2023-2024,2024-02-11,UNBSJ,Transition,6,5,20.0%,-40.0%
2023-2024,2024-02-17,CU,Overall,1,2,0.0%,-50.0%
2023-2024,2024-02-17,CU,Overall,2,32,34.0%,21.9%
2023-2024,2024-02-17,CU,Overall,3,7,0.0%,0.0%
2023-2024,2024-02-17,CU,Overall,4,29,41.0%,20.7%
2023-2024,2024-02-17,CU,Overall,5,4,0.0%,0.0%
2023-2024,2024-02-17,CU,Overall,6,9,0.0%,-22.2%
2023-2024,2024-02-17,CU,First Ball,1,1,0.0%,-100.0%
2023-2024,2024-02-17,CU,First Ball,2,18,33.0%,16.7%
2023-2024,2024-02-17,CU,First Ball,3,7,0.0%,0.0%
2023-2024,2024-02-17,CU,First Ball,4,17,47.0%,29.4%
2023-2024,2024-02-17,CU,First Ball,5,3,0.0%,0.0%
2023-2024,2024-02-17,CU,First Ball,6,4,0.0%,-25.0%
2023-2024,2024-02-17,CU,Transition,1,1,0.0%,0.0%
2023-2024,2024-02-17,CU,Transition,2,14,36.0%,28.6%
2023-2024,2024-02-17,CU,Transition,3,0,0.0%,0.0%
2023-2024,2024-02-17,CU,Transition,4,12,33.3%,8.3%
2023-2024,2024-02-17,CU,Transition,5,1,0.0%,0.0%
2023-2024,2024-02-17,CU,Transition,6,5,0.0%,-20.0%
2023-2024,2024-02-17,USTA,Overall,1,5,60.0%,60.0%
2023-2024,2024-02-17,USTA,Overall,2,23,43.0%,30.4%
2023-2024,2024-02-17,USTA,Overall,3,22,36.0%,9.1%
2023-2024,2024-02-17,USTA,Overall,4,34,41.0%,23.5%
2023-2024,2024-02-17,USTA,Overall,5,0,0.0%,0.0%
2023-2024,2024-02-17,USTA,Overall,6,6,33.0%,16.7%
2023-2024,2024-02-17,USTA,First Ball,1,2,50.0%,50.0%
2023-2024,2024-02-17,USTA,First Ball,2,8,63.0%,62.5%
2023-2024,2024-02-17,USTA,First Ball,3,14,43.0%,7.1%
2023-2024,2024-02-17,USTA,First Ball,4,14,57.0%,42.9%
2023-2024,2024-02-17,USTA,First Ball,5,0,0.0%,0.0%
2023-2024,2024-02-17,USTA,First Ball,6,1,0.0%,0.0%
2023-2024,2024-02-17,USTA,Transition,1,3,67.0%,66.7%
2023-2024,2024-02-17,USTA,Transition,2,15,33.0%,13.3%
2023-2024,2024-02-17,USTA,Transition,3,8,25.0%,12.5%
2023-2024,2024-02-17,USTA,Transition,4,20,30.0%,10.0%
2023-2024,2024-02-17,USTA,Transition,5,0,0.0%,0.0%
2023-2024,2024-02-17,USTA,Transition,6,5,40.0%,20.0%
2024-2025,2024-09-28,CU,Overall,1,9,22.0%,-33.3%
2024-2025,2024-09-28,CU,Overall,2,25,36.0%,0.0%
2024-2025,2024-09-28,CU,Overall,3,18,39.0%,22.2%
2024-2025,2024-09-28,CU,Overall,4,37,30.0%,5.4%
2024-2025,2024-09-28,CU,Overall,5,4,0.0%,-25.0%
2024-2025,2024-09-28,CU,Overall,6,4,25.0%,-25.0%
2024-2025,2024-09-28,CU,First Ball,1,8,25.0%,-37.5%
2024-2025,2024-09-28,CU,First Ball,2,13,38.0%,7.7%
2024-2025,2024-09-28,CU,First Ball,3,10,50.0%,30.0%
2024-2025,2024-09-28,CU,First Ball,4,21,33.3%,9.5%
2024-2025,2024-09-28,CU,First Ball,5,3,0.0%,-33.3%
2024-2025,2024-09-28,CU,First Ball,6,0,0.0%,0.0%
2024-2025,2024-09-28,CU,Transition,1,1,0.0%,0.0%
2024-2025,2024-09-28,CU,Transition,2,12,33.3%,-8.3%
2024-2025,2024-09-28,CU,Transition,3,8,25.0%,12.5%
2024-2025,2024-09-28,CU,Transition,4,16,25.0%,0.0%
2024-2025,2024-09-28,CU,Transition,5,1,0.0%,0.0%
2024-2025,2024-09-28,CU,Transition,6,4,25.0%,-25.0%
2024-2025,2024-09-28,DAL AC,Overall,1,7,0.0%,-57.1%
2024-2025,2024-09-28,DAL AC,Overall,2,15,13.0%,-26.7%
2024-2025,2024-09-28,DAL AC,Overall,3,15,40.0%,20.0%
2024-2025,2024-09-28,DAL AC,Overall,4,58,34.0%,10.3%
2024-2025,2024-09-28,DAL AC,Overall,5,3,33.3%,0.0%
2024-2025,2024-09-28,DAL AC,Overall,6,3,33.3%,0.0%
2024-2025,2024-09-28,DAL AC,First Ball,1,5,0.0%,-40.0%
2024-2025,2024-09-28,DAL AC,First Ball,2,11,18.0%,-18.2%
2024-2025,2024-09-28,DAL AC,First Ball,3,7,29.0%,14.3%
2024-2025,2024-09-28,DAL AC,First Ball,4,36,28.0%,-5.6%
2024-2025,2024-09-28,DAL AC,First Ball,5,2,0.0%,-50.0%
2024-2025,2024-09-28,DAL AC,First Ball,6,2,0.0%,-50.0%
2024-2025,2024-09-28,DAL AC,Transition,1,2,0.0%,-100.0%
2024-2025,2024-09-28,DAL AC,Transition,2,4,0.0%,-50.0%
2024-2025,2024-09-28,DAL AC,Transition,3,8,50.0%,25.0%
2024-2025,2024-09-28,DAL AC,Transition,4,22,45.0%,36.4%
2024-2025,2024-09-28,DAL AC,Transition,5,1,100.0%,100.0%
2024-2025,2024-09-28,DAL AC,Transition,6,1,100.0%,100.0%
2024-2025,2024-09-29,CU,Overall,1,6,0.0%,-33.3%
2024-2025,2024-09-29,CU,Overall,2,31,29.0%,0.0%
2024-2025,2024-09-29,CU,Overall,3,21,29.0%,14.3%
2024-2025,2024-09-29,CU,Overall,4,46,37.0%,21.7%
2024-2025,2024-09-29,CU,Overall,5,2,50.0%,50.0%
2024-2025,2024-09-29,CU,Overall,6,4,0.0%,-50.0%
2024-2025,2024-09-29,CU,First Ball,1,4,0.0%,-25.0%
2024-2025,2024-09-29,CU,First Ball,2,20,20.0%,-10.0%
2024-2025,2024-09-29,CU,First Ball,3,13,23.0%,7.7%
2024-2025,2024-09-29,CU,First Ball,4,28,43.0%,32.1%
2024-2025,2024-09-29,CU,First Ball,5,2,50.0%,50.0%
2024-2025,2024-09-29,CU,First Ball,6,2,0.0%,-50.0%
2024-2025,2024-09-29,CU,Transition,1,2,0.0%,-50.0%
2024-2025,2024-09-29,CU,Transition,2,11,45.0%,18.2%
2024-2025,2024-09-29,CU,Transition,3,8,38.0%,25.0%
2024-2025,2024-09-29,CU,Transition,4,18,28.0%,5.6%
2024-2025,2024-09-29,CU,Transition,5,0,0.0%,0.0%
2024-2025,2024-09-29,CU,Transition,6,2,0.0%,-50.0%
2024-2025,2024-09-29,Holland,Overall,1,2,0.0%,0.0%
2024-2025,2024-09-29,Holland,Overall,2,33,24.0%,-15.2%
2024-2025,2024-09-29,Holland,Overall,3,25,38.0%,0.0%
2024-2025,2024-09-29,Holland,Overall,4,53,45.0%,20.8%
2024-2025,2024-09-29,Holland,Overall,5,2,0.0%,0.0%
2024-2025,2024-09-29,Holland,Overall,6,5,40.0%,20.0%
2024-2025,2024-09-29,Holland,First Ball,1,1,0.0%,0.0%
2024-2025,2024-09-29,Holland,First Ball,2,15,20.0%,-26.7%
2024-2025,2024-09-29,Holland,First Ball,3,20,20.0%,-15.0%
2024-2025,2024-09-29,Holland,First Ball,4,26,46.0%,19.2%
2024-2025,2024-09-29,Holland,First Ball,5,1,0.0%,0.0%
2024-2025,2024-09-29,Holland,First Ball,6,2,50.0%,50.0%
2024-2025,2024-09-29,Holland,Transition,1,1,0.0%,0.0%
2024-2025,2024-09-29,Holland,Transition,2,18,28.0%,-5.6%
2024-2025,2024-09-29,Holland,Transition,3,5,60.0%,60.0%
2024-2025,2024-09-29,Holland,Transition,4,27,44.0%,22.2%
2024-2025,2024-09-29,Holland,Transition,5,1,0.0%,0.0%
2024-2025,2024-09-29,Holland,Transition,6,3,33.3%,0.0%
2024-2025,2024-09-29,CU,Overall,1,4,50.0%,25.0%
2024-2025,2024-09-29,CU,Overall,2,29,28.0%,6.9%
2024-2025,2024-09-29,CU,Overall,3,15,40.0%,0.0%
2024-2025,2024-09-29,CU,Overall,4,48,44.0%,14.6%
2024-2025,2024-09-29,CU,Overall,5,1,100.0%,100.0%
2024-2025,2024-09-29,CU,Overall,6,2,50.0%,50.0%
2024-2025,2024-09-29,CU,First Ball,1,2,50.0%,0.0%
2024-2025,2024-09-29,CU,First Ball,2,17,35.0%,11.8%
2024-2025,2024-09-29,CU,First Ball,3,11,45.0%,18.2%
2024-2025,2024-09-29,CU,First Ball,4,30,43.0%,13.3%
2024-2025,2024-09-29,CU,First Ball,5,0,0.0%,0.0%
2024-2025,2024-09-29,CU,First Ball,6,1,0.0%,0.0%
2024-2025,2024-09-29,CU,Transition,1,2,50.0%,50.0%
2024-2025,2024-09-29,CU,Transition,2,12,17.0%,0.0%
2024-2025,2024-09-29,CU,Transition,3,4,25.0%,-50.0%
2024-2025,2024-09-29,CU,Transition,4,18,44.0%,16.7%
2024-2025,2024-09-29,CU,Transition,5,1,100.0%,100.0%
2024-2025,2024-09-29,CU,Transition,6,1,100.0%,100.0%
2024-2025,2024-09-29,Holland,Overall,1,8,13.0%,-12.5%
2024-2025,2024-09-29,Holland,Overall,2,31,42.0%,19.4%
2024-2025,2024-09-29,Holland,Overall,3,23,39.0%,26.1%
2024-2025,2024-09-29,Holland,Overall,4,56,39.0%,25.0%
2024-2025,2024-09-29,Holland,Overall,5,1,0.0%,0.0%
2024-2025,2024-09-29,Holland,Overall,6,1,0.0%,0.0%
2024-2025,2024-09-29,Holland,First Ball,1,6,0.0%,-16.7%
2024-2025,2024-09-29,Holland,First Ball,2,14,36.0%,14.3%
2024-2025,2024-09-29,Holland,First Ball,3,12,33.3%,16.7%
2024-2025,2024-09-29,Holland,First Ball,4,32,38.0%,18.8%
2024-2025,2024-09-29,Holland,First Ball,5,1,0.0%,0.0%
2024-2025,2024-09-29,Holland,First Ball,6,0,0.0%,0.0%
2024-2025,2024-09-29,Holland,Transition,1,2,50.0%,0.0%
2024-2025,2024-09-29,Holland,Transition,2,17,47.0%,23.5%
2024-2025,2024-09-29,Holland,Transition,3,11,45.0%,36.4%
2024-2025,2024-09-29,Holland,Transition,4,24,42.0%,33.3%
2024-2025,2024-09-29,Holland,Transition,5,0,0.0%,0.0%
2024-2025,2024-09-29,Holland,Transition,6,1,0.0%,0.0%
2024-2025,2024-10-12,CU,Overall,1,11,0.0%,-36.4%
2024-2025,2024-10-12,CU,Overall,2,20,45.0%,30.0%
2024-2025,2024-10-12,CU,Overall,3,18,33.3%,27.8%
2024-2025,2024-10-12,CU,Overall,4,33,39.0%,21.2%
2024-2025,2024-10-12,CU,Overall,5,16,38.0%,12.5%
2024-2025,2024-10-12,CU,Overall,6,6,33.0%,-16.7%
2024-2025,2024-10-12,CU,First Ball,1,7,0.0%,-42.9%
2024-2025,2024-10-12,CU,First Ball,2,9,44.0%,33.3%
2024-2025,2024-10-12,CU,First Ball,3,12,33.3%,25.0%
2024-2025,2024-10-12,CU,First Ball,4,19,47.0%,26.3%
2024-2025,2024-10-12,CU,First Ball,5,6,33.3%,-16.7%
2024-2025,2024-10-12,CU,First Ball,6,5,20.0%,-40.0%
2024-2025,2024-10-12,CU,Transition,1,4,0.0%,-25.0%
2024-2025,2024-10-12,CU,Transition,2,11,45.0%,27.3%
2024-2025,2024-10-12,CU,Transition,3,6,33.3%,33.3%
2024-2025,2024-10-12,CU,Transition,4,14,29.0%,14.3%
2024-2025,2024-10-12,CU,Transition,5,10,40.0%,30.0%
2024-2025,2024-10-12,CU,Transition,6,1,100.0%,100.0%
2024-2025,2024-10-12,REDS 18U,Overall,1,6,33.0%,16.7%
2024-2025,2024-10-12,REDS 18U,Overall,2,34,29.0%,8.8%
2024-2025,2024-10-12,REDS 18U,Overall,3,31,42.0%,22.6%
2024-2025,2024-10-12,REDS 18U,Overall,4,33,33.0%,6.1%
2024-2025,2024-10-12,REDS 18U,Overall,5,12,33.0%,8.3%
2024-2025,2024-10-12,REDS 18U,Overall,6,4,0.0%,0.0%
2024-2025,2024-10-12,REDS 18U,First Ball,1,3,67.0%,66.7%
2024-2025,2024-10-12,REDS 18U,First Ball,2,19,32.0%,10.5%
2024-2025,2024-10-12,REDS 18U,First Ball,3,13,69.0%,61.5%
2024-2025,2024-10-12,REDS 18U,First Ball,4,15,47.0%,20.0%
2024-2025,2024-10-12,REDS 18U,First Ball,5,6,50.0%,33.3%
2024-2025,2024-10-12,REDS 18U,First Ball,6,1,0.0%,0.0%
2024-2025,2024-10-12,REDS 18U,Transition,1,3,0.0%,-33.3%
2024-2025,2024-10-12,REDS 18U,Transition,2,15,27.0%,6.7%
2024-2025,2024-10-12,REDS 18U,Transition,3,18,22.0%,-5.6%
2024-2025,2024-10-12,REDS 18U,Transition,4,18,22.0%,-5.6%
2024-2025,2024-10-12,REDS 18U,Transition,5,6,17.0%,-16.7%
2024-2025,2024-10-12,REDS 18U,Transition,6,3,0.0%,0.0%
2024-2025,2024-10-20,CU,Overall,1,3,0.0%,-66.7%
2024-2025,2024-10-20,CU,Overall,2,24,29.0%,8.3%
2024-2025,2024-10-20,CU,Overall,3,13,62.0%,46.2%
2024-2025,2024-10-20,CU,Overall,4,31,48.0%,25.8%
2024-2025,2024-10-20,CU,Overall,5,2,50.0%,50.0%
2024-2025,2024-10-20,CU,Overall,6,5,60.0%,60.0%
2024-2025,2024-10-20,CU,First Ball,1,2,0.0%,10000.0%
2024-2025,2024-10-20,CU,First Ball,2,13,23.0%,0.0%
2024-2025,2024-10-20,CU,First Ball,3,8,63.0%,50.0%
2024-2025,2024-10-20,CU,First Ball,4,16,63.0%,50.0%
2024-2025,2024-10-20,CU,First Ball,5,2,50.0%,50.0%
2024-2025,2024-10-20,CU,First Ball,6,2,50.0%,50.0%
2024-2025,2024-10-20,CU,Transition,1,1,0.0%,0.0%
2024-2025,2024-10-20,CU,Transition,2,11,36.0%,18.2%
2024-2025,2024-10-20,CU,Transition,3,5,60.0%,40.0%
2024-2025,2024-10-20,CU,Transition,4,15,33.3%,0.0%
2024-2025,2024-10-20,CU,Transition,5,0,0.0%,0.0%
2024-2025,2024-10-20,CU,Transition,6,3,66.7%,66.7%
2024-2025,2024-10-20,STU,Overall,1,6,0.0%,-33.3%
2024-2025,2024-10-20,STU,Overall,2,13,69.0%,53.8%
2024-2025,2024-10-20,STU,Overall,3,15,40.0%,33.3%
2024-2025,2024-10-20,STU,Overall,4,32,25.0%,0.0%
2024-2025,2024-10-20,STU,Overall,5,2,0.0%,0.0%
2024-2025,2024-10-20,STU,Overall,6,2,50.0%,50.0%
2024-2025,2024-10-20,STU,First Ball,1,5,0.0%,-20.0%
2024-2025,2024-10-20,STU,First Ball,2,7,86.0%,71.4%
2024-2025,2024-10-20,STU,First Ball,3,7,29.0%,28.6%
2024-2025,2024-10-20,STU,First Ball,4,20,35.0%,10.0%
2024-2025,2024-10-20,STU,First Ball,5,1,0.0%,0.0%
2024-2025,2024-10-20,STU,First Ball,6,2,50.0%,50.0%
2024-2025,2024-10-20,STU,Transition,1,1,0.0%,-100.0%
2024-2025,2024-10-20,STU,Transition,2,6,50.0%,33.3%
2024-2025,2024-10-20,STU,Transition,3,8,50.0%,37.5%
2024-2025,2024-10-20,STU,Transition,4,12,8.0%,-16.7%
2024-2025,2024-10-20,STU,Transition,5,1,0.0%,0.0%
2024-2025,2024-10-20,STU,Transition,6,0,0.0%,0.0%
2024-2025,2024-10-20,CU,Overall,1,4,35.0%,-25.0%
2024-2025,2024-10-20,CU,Overall,2,22,41.0%,36.4%
2024-2025,2024-10-20,CU,Overall,3,19,26.0%,0.0%
2024-2025,2024-10-20,CU,Overall,4,40,33.3%,15.0%
2024-2025,2024-10-20,CU,Overall,5,2,0.0%,0.0%
2024-2025,2024-10-20,CU,Overall,6,7,14.0%,-28.6%
2024-2025,2024-10-20,CU,First Ball,1,1,100.0%,100.0%
2024-2025,2024-10-20,CU,First Ball,2,12,42.0%,41.7%
2024-2025,2024-10-20,CU,First Ball,3,12,25.0%,0.0%
2024-2025,2024-10-20,CU,First Ball,4,23,39.0%,30.4%
2024-2025,2024-10-20,CU,First Ball,5,1,0.0%,0.0%
2024-2025,2024-10-20,CU,First Ball,6,0,0.0%,0.0%
2024-2025,2024-10-20,CU,Transition,1,3,0.0%,-66.7%
2024-2025,2024-10-20,CU,Transition,2,10,40.0%,30.0%
2024-2025,2024-10-20,CU,Transition,3,7,29.0%,0.0%
2024-2025,2024-10-20,CU,Transition,4,17,24.0%,-5.9%
2024-2025,2024-10-20,CU,Transition,5,1,0.0%,0.0%
2024-2025,2024-10-20,CU,Transition,6,7,14.0%,-28.6%
2024-2025,2024-10-20,UNBSJ,Overall,1,0,0.0%,0.0%
2024-2025,2024-10-20,UNBSJ,Overall,2,15,33.3%,20.0%
2024-2025,2024-10-20,UNBSJ,Overall,3,22,36.0%,9.1%
2024-2025,2024-10-20,UNBSJ,Overall,4,39,36.0%,15.4%
2024-2025,2024-10-20,UNBSJ,Overall,5,8,13.0%,-12.5%
2024-2025,2024-10-20,UNBSJ,Overall,6,4,0.0%,-50.0%
2024-2025,2024-10-20,UNBSJ,First Ball,1,0,0.0%,0.0%
2024-2025,2024-10-20,UNBSJ,First Ball,2,7,29.0%,0.0%
2024-2025,2024-10-20,UNBSJ,First Ball,3,16,31.0%,6.3%
2024-2025,2024-10-20,UNBSJ,First Ball,4,18,44.0%,27.8%
2024-2025,2024-10-20,UNBSJ,First Ball,5,1,0.0%,-100.0%
2024-2025,2024-10-20,UNBSJ,First Ball,6,3,0.0%,-66.7%
2024-2025,2024-10-20,UNBSJ,Transition,1,0,0.0%,0.0%
2024-2025,2024-10-20,UNBSJ,Transition,2,8,38.0%,37.5%
2024-2025,2024-10-20,UNBSJ,Transition,3,6,50.0%,16.7%
2024-2025,2024-10-20,UNBSJ,Transition,4,21,29.0%,4.8%
2024-2025,2024-10-20,UNBSJ,Transition,5,7,14.0%,0.0%
2024-2025,2024-10-20,UNBSJ,Transition,6,1,0.0%,0.0%
2024-2025,2024-10-20,CU,Overall,1,0,0.0%,0.0%
2024-2025,2024-10-20,CU,Overall,2,19,42.0%,10.5%
2024-2025,2024-10-20,CU,Overall,3,11,45.0%,18.2%
2024-2025,2024-10-20,CU,Overall,4,25,56.0%,40.0%
2024-2025,2024-10-20,CU,Overall,5,0,0.0%,0.0%
2024-2025,2024-10-20,CU,Overall,6,4,25.0%,0.0%
2024-2025,2024-10-20,CU,First Ball,1,0,0.0%,0.0%
2024-2025,2024-10-20,CU,First Ball,2,8,50.0%,25.0%
2024-2025,2024-10-20,CU,First Ball,3,8,63.0%,37.5%
2024-2025,2024-10-20,CU,First Ball,4,10,50.0%,30.0%
2024-2025,2024-10-20,CU,First Ball,5,0,0.0%,0.0%
2024-2025,2024-10-20,CU,First Ball,6,3,33.3%,0.0%
2024-2025,2024-10-20,CU,Transition,1,0,0.0%,0.0%
2024-2025,2024-10-20,CU,Transition,2,11,36.0%,36.0%
2024-2025,2024-10-20,CU,Transition,3,3,0.0%,0.0%
2024-2025,2024-10-20,CU,Transition,4,15,60.0%,60.0%
2024-2025,2024-10-20,CU,Transition,5,0,0.0%,0.0%
2024-2025,2024-10-20,CU,Transition,6,1,0.0%,0.0%
2024-2025,2024-10-20,DAL AC,Overall,1,3,0.0%,-33.3%
2024-2025,2024-10-20,DAL AC,Overall,2,12,33.3%,8.3%
2024-2025,2024-10-20,DAL AC,Overall,3,9,0.0%,-22.2%
2024-2025,2024-10-20,DAL AC,Overall,4,28,14.0%,-21.4%
2024-2025,2024-10-20,DAL AC,Overall,5,0,0.0%,0.0%
2024-2025,2024-10-20,DAL AC,Overall,6,4,25.0%,-50.0%
2024-2025,2024-10-20,DAL AC,First Ball,1,2,0.0%,-50.0%
2024-2025,2024-10-20,DAL AC,First Ball,2,7,43.0%,28.6%
2024-2025,2024-10-20,DAL AC,First Ball,3,5,0.0%,-20.0%
2024-2025,2024-10-20,DAL AC,First Ball,4,24,13.0%,-20.8%
2024-2025,2024-10-20,DAL AC,First Ball,5,0,0.0%,0.0%
2024-2025,2024-10-20,DAL AC,First Ball,6,3,0.0%,-33.3%
2024-2025,2024-10-20,DAL AC,Transition,1,1,0.0%,0.0%
2024-2025,2024-10-20,DAL AC,Transition,2,5,20.0%,-20.0%
2024-2025,2024-10-20,DAL AC,Transition,3,4,0.0%,-25.0%
2024-2025,2024-10-20,DAL AC,Transition,4,4,25.0%,-25.0%
2024-2025,2024-10-20,DAL AC,Transition,5,0,0.0%,0.0%
2024-2025,2024-10-20,DAL AC,Transition,6,1,100.0%,100.0%
2024-2025,2024-10-25,CU,Overall,1,2,50.0%,0.0%
2024-2025,2024-10-25,CU,Overall,2,30,30.0%,6.7%
2024-2025,2024-10-25,CU,Overall,3,21,19.0%,4.8%
2024-2025,2024-10-25,CU,Overall,4,73,42.0%,23.3%
2024-2025,2024-10-25,CU,Overall,5,0,0.0%,0.0%
2024-2025,2024-10-25,CU,Overall,6,3,0.0%,-33.3%
2024-2025,2024-10-25,CU,First Ball,1,1,0.0%,-100.0%
2024-2025,2024-10-25,CU,First Ball,2,20,35.0%,15.0%
2024-2025,2024-10-25,CU,First Ball,3,13,31.0%,15.4%
2024-2025,2024-10-25,CU,First Ball,4,47,45.0%,21.3%
2024-2025,2024-10-25,CU,First Ball,5,0,0.0%,0.0%
2024-2025,2024-10-25,CU,First Ball,6,1,0.0%,0.0%
2024-2025,2024-10-25,CU,Transition,1,1,100.0%,100.0%
2024-2025,2024-10-25,CU,Transition,2,10,20.0%,-10.0%
2024-2025,2024-10-25,CU,Transition,3,8,0.0%,-12.5%
2024-2025,2024-10-25,CU,Transition,4,26,38.0%,26.9%
2024-2025,2024-10-25,CU,Transition,5,0,0.0%,0.0%
2024-2025,2024-10-25,CU,Transition,6,2,0.0%,-50.0%
2024-2025,2024-10-25,Holland,Overall,1,2,0.0%,-100.0%
2024-2025,2024-10-25,Holland,Overall,2,29,41.0%,10.3%
2024-2025,2024-10-25,Holland,Overall,3,29,45.0%,24.1%
2024-2025,2024-10-25,Holland,Overall,4,64,42.0%,23.4%
2024-2025,2024-10-25,Holland,Overall,5,0,0.0%,0.0%
2024-2025,2024-10-25,Holland,Overall,6,5,0.0%,-20.0%
2024-2025,2024-10-25,Holland,First Ball,1,1,0.0%,-100.0%
2024-2025,2024-10-25,Holland,First Ball,2,17,53.0%,23.5%
2024-2025,2024-10-25,Holland,First Ball,3,17,53.0%,29.4%
2024-2025,2024-10-25,Holland,First Ball,4,30,53.0%,40.0%
2024-2025,2024-10-25,Holland,First Ball,5,0,0.0%,0.0%
2024-2025,2024-10-25,Holland,First Ball,6,2,0.0%,0.0%
2024-2025,2024-10-25,Holland,Transition,1,1,0.0%,-100.0%
2024-2025,2024-10-25,Holland,Transition,2,12,25.0%,-8.3%
2024-2025,2024-10-25,Holland,Transition,3,12,33.3%,16.7%
2024-2025,2024-10-25,Holland,Transition,4,34,32.0%,8.8%
2024-2025,2024-10-25,Holland,Transition,5,0,0.0%,0.0%
2024-2025,2024-10-25,Holland,Transition,6,3,0.0%,-33.3%
2024-2025,2024-10-27,CU,Overall,1,1,0.0%,-100.0%
2024-2025,2024-10-27,CU,Overall,2,10,10.0%,0.0%
2024-2025,2024-10-27,CU,Overall,3,9,33.3%,11.1%
2024-2025,2024-10-27,CU,Overall,4,33,39.0%,15.2%
2024-2025,2024-10-27,CU,Overall,5,2,0.0%,0.0%
2024-2025,2024-10-27,CU,Overall,6,3,0.0%,0.0%
2024-2025,2024-10-27,CU,First Ball,1,0,0.0%,0.0%
2024-2025,2024-10-27,CU,First Ball,2,3,0.0%,0.0%
2024-2025,2024-10-27,CU,First Ball,3,9,33.3%,11.1%
2024-2025,2024-10-27,CU,First Ball,4,26,35.0%,3.8%
2024-2025,2024-10-27,CU,First Ball,5,1,0.0%,0.0%
2024-2025,2024-10-27,CU,First Ball,6,1,0.0%,0.0%
2024-2025,2024-10-27,CU,Transition,1,1,0.0%,-100.0%
2024-2025,2024-10-27,CU,Transition,2,7,14.0%,0.0%
2024-2025,2024-10-27,CU,Transition,3,0,0.0%,0.0%
2024-2025,2024-10-27,CU,Transition,4,7,57.0%,57.1%
2024-2025,2024-10-27,CU,Transition,5,1,0.0%,0.0%
2024-2025,2024-10-27,CU,Transition,6,2,0.0%,0.0%
2024-2025,2024-10-27,Holland,Overall,1,1,0.0%,-100.0%
2024-2025,2024-10-27,Holland,Overall,2,10,40.0%,20.0%
2024-2025,2024-10-27,Holland,Overall,3,23,61.0%,39.1%
2024-2025,2024-10-27,Holland,Overall,4,30,40.0%,20.0%
2024-2025,2024-10-27,Holland,Overall,5,1,0.0%,-100.0%
2024-2025,2024-10-27,Holland,Overall,6,2,50.0%,50.0%
2024-2025,2024-10-27,Holland,First Ball,1,1,0.0%,-100.0%
2024-2025,2024-10-27,Holland,First Ball,2,6,67.0%,66.7%
2024-2025,2024-10-27,Holland,First Ball,3,15,60.0%,33.3%
2024-2025,2024-10-27,Holland,First Ball,4,15,33.3%,6.7%
2024-2025,2024-10-27,Holland,First Ball,5,0,0.0%,0.0%
2024-2025,2024-10-27,Holland,First Ball,6,2,50.0%,50.0%
2024-2025,2024-10-27,Holland,Transition,1,0,0.0%,0.0%
2024-2025,2024-10-27,Holland,Transition,2,4,0.0%,-50.0%
2024-2025,2024-10-27,Holland,Transition,3,8,63.0%,50.0%
2024-2025,2024-10-27,Holland,Transition,4,15,47.0%,33.3%
2024-2025,2024-10-27,Holland,Transition,5,1,0.0%,-100.0%
2024-2025,2024-10-27,Holland,Transition,6,0,0.0%,0.0%
2024-2025,2024-11-01,CU,Overall,1,0,0.0%,0.0%
2024-2025,2024-11-01,CU,Overall,2,13,69.0%,53.8%
2024-2025,2024-11-01,CU,Overall,3,9,33.0%,0.0%
2024-2025,2024-11-01,CU,Overall,4,16,63.0%,56.3%
2024-2025,2024-11-01,CU,Overall,5,0,0.0%,0.0%
2024-2025,2024-11-01,CU,Overall,6,0,0.0%,0.0%
2024-2025,2024-11-01,CU,First Ball,1,0,0.0%,0.0%
2024-2025,2024-11-01,CU,First Ball,2,8,88.0%,75.0%
2024-2025,2024-11-01,CU,First Ball,3,6,33.0%,0.0%
2024-2025,2024-11-01,CU,First Ball,4,8,50.0%,37.5%
2024-2025,2024-11-01,CU,First Ball,5,0,0.0%,0.0%
2024-2025,2024-11-01,CU,First Ball,6,0,0.0%,0.0%
2024-2025,2024-11-01,CU,Transition,1,0,0.0%,0.0%
2024-2025,2024-11-01,CU,Transition,2,5,40.0%,20.0%
2024-2025,2024-11-01,CU,Transition,3,3,33.0%,0.0%
2024-2025,2024-11-01,CU,Transition,4,8,75.0%,75.0%
2024-2025,2024-11-01,CU,Transition,5,0,0.0%,0.0%
2024-2025,2024-11-01,CU,Transition,6,0,0.0%,0.0%
2024-2025,2024-11-01,DAL AC,Overall,1,0,0.0%,0.0%
2024-2025,2024-11-01,DAL AC,Overall,2,4,50.0%,25.0%
2024-2025,2024-11-01,DAL AC,Overall,3,10,30.0%,10.0%
2024-2025,2024-11-01,DAL AC,Overall,4,25,24.0%,-24.0%
2024-2025,2024-11-01,DAL AC,Overall,5,0,0.0%,0.0%
2024-2025,2024-11-01,DAL AC,Overall,6,5,80.0%,80.0%
2024-2025,2024-11-01,DAL AC,First Ball,1,0,0.0%,0.0%
2024-2025,2024-11-01,DAL AC,First Ball,2,4,50.0%,25.0%
2024-2025,2024-11-01,DAL AC,First Ball,3,8,25.0%,0.0%
2024-2025,2024-11-01,DAL AC,First Ball,4,20,25.0%,-20.0%
2024-2025,2024-11-01,DAL AC,First Ball,5,0,0.0%,0.0%
2024-2025,2024-11-01,DAL AC,First Ball,6,4,75.0%,75.0%
2024-2025,2024-11-01,DAL AC,Transition,1,0,0.0%,0.0%
2024-2025,2024-11-01,DAL AC,Transition,2,0,0.0%,0.0%
2024-2025,2024-11-01,DAL AC,Transition,3,2,50.0%,50.0%
2024-2025,2024-11-01,DAL AC,Transition,4,5,20.0%,-40.0%
2024-2025,2024-11-01,DAL AC,Transition,5,0,0.0%,0.0%
2024-2025,2024-11-01,DAL AC,Transition,6,1,100.0%,100.0%
2024-2025,2024-11-01,CU,Overall,1,5,0.0%,-20.0%
2024-2025,2024-11-01,CU,Overall,2,12,58.0%,41.7%
2024-2025,2024-11-01,CU,Overall,3,4,75.0%,50.0%
2024-2025,2024-11-01,CU,Overall,4,41,46.0%,29.3%
2024-2025,2024-11-01,CU,Overall,5,1,0.0%,0.0%
2024-2025,2024-11-01,CU,Overall,6,1,0.0%,0.0%
2024-2025,2024-11-01,CU,First Ball,1,1,0.0%,0.0%
2024-2025,2024-11-01,CU,First Ball,2,10,60.0%,40.0%
2024-2025,2024-11-01,CU,First Ball,3,3,67.0%,33.3%
2024-2025,2024-11-01,CU,First Ball,4,18,39.0%,16.7%
2024-2025,2024-11-01,CU,First Ball,5,0,0.0%,0.0%
2024-2025,2024-11-01,CU,First Ball,6,1,0.0%,0.0%
2024-2025,2024-11-01,CU,Transition,1,4,0.0%,-25.0%
2024-2025,2024-11-01,CU,Transition,2,2,50.0%,50.0%
2024-2025,2024-11-01,CU,Transition,3,1,100.0%,100.0%
2024-2025,2024-11-01,CU,Transition,4,23,52.0%,39.1%
2024-2025,2024-11-01,CU,Transition,5,2,0.0%,0.0%
2024-2025,2024-11-01,CU,Transition,6,0,0.0%,0.0%
2024-2025,2024-11-01,DAL AC,Overall,1,1,0.0%,0.0%
2024-2025,2024-11-01,DAL AC,Overall,2,17,24.0%,0.0%
2024-2025,2024-11-01,DAL AC,Overall,3,5,40.0%,40.0%
2024-2025,2024-11-01,DAL AC,Overall,4,39,38.0%,25.6%
2024-2025,2024-11-01,DAL AC,Overall,5,2,0.0%,-50.0%
2024-2025,2024-11-01,DAL AC,Overall,6,2,50.0%,50.0%
2024-2025,2024-11-01,DAL AC,First Ball,1,1,0.0%,0.0%
2024-2025,2024-11-01,DAL AC,First Ball,2,12,25.0%,-8.3%
2024-2025,2024-11-01,DAL AC,First Ball,3,2,50.0%,50.0%
2024-2025,2024-11-01,DAL AC,First Ball,4,27,44.0%,37.0%
2024-2025,2024-11-01,DAL AC,First Ball,5,1,0.0%,0.0%
2024-2025,2024-11-01,DAL AC,First Ball,6,2,50.0%,50.0%
2024-2025,2024-11-01,DAL AC,Transition,1,0,0.0%,0.0%
2024-2025,2024-11-01,DAL AC,Transition,2,5,20.0%,20.0%
2024-2025,2024-11-01,DAL AC,Transition,3,3,33.0%,33.3%
2024-2025,2024-11-01,DAL AC,Transition,4,12,25.0%,0.0%
2024-2025,2024-11-01,DAL AC,Transition,5,1,0.0%,-100.0%
2024-2025,2024-11-01,DAL AC,Transition,6,0,0.0%,0.0%
2024-2025,2024-11-09,CU,Overall,1,2,50.0%,0.0%
2024-2025,2024-11-09,CU,Overall,2,16,50.0%,50.0%
2024-2025,2024-11-09,CU,Overall,3,10,50.0%,30.0%
2024-2025,2024-11-09,CU,Overall,4,27,37.0%,11.1%
2024-2025,2024-11-09,CU,Overall,5,0,0.0%,0.0%
2024-2025,2024-11-09,CU,Overall,6,1,0.0%,-100.0%
2024-2025,2024-11-09,CU,First Ball,1,1,0.0%,-100.0%
2024-2025,2024-11-09,CU,First Ball,2,11,64.0%,63.6%
2024-2025,2024-11-09,CU,First Ball,3,9,44.0%,22.2%
2024-2025,2024-11-09,CU,First Ball,4,21,38.0%,9.5%
2024-2025,2024-11-09,CU,First Ball,5,0,0.0%,0.0%
2024-2025,2024-11-09,CU,First Ball,6,0,0.0%,0.0%
2024-2025,2024-11-09,CU,Transition,1,1,100.0%,100.0%
2024-2025,2024-11-09,CU,Transition,2,5,20.0%,20.0%
2024-2025,2024-11-09,CU,Transition,3,1,100.0%,100.0%
2024-2025,2024-11-09,CU,Transition,4,6,33.0%,16.7%
2024-2025,2024-11-09,CU,Transition,5,0,0.0%,0.0%
2024-2025,2024-11-09,CU,Transition,6,1,0.0%,-100.0%
2024-2025,2024-11-09,USTA,Overall,1,3,67.0%,33.3%
2024-2025,2024-11-09,USTA,Overall,2,15,47.0%,20.0%
2024-2025,2024-11-09,USTA,Overall,3,14,79.0%,78.6%
2024-2025,2024-11-09,USTA,Overall,4,34,56.0%,44.1%
2024-2025,2024-11-09,USTA,Overall,5,1,100.0%,100.0%
2024-2025,2024-11-09,USTA,Overall,6,1,100.0%,100.0%
2024-2025,2024-11-09,USTA,First Ball,1,3,67.0%,33.3%
2024-2025,2024-11-09,USTA,First Ball,2,10,40.0%,10.0%
2024-2025,2024-11-09,USTA,First Ball,3,7,86.0%,85.7%
2024-2025,2024-11-09,USTA,First Ball,4,21,52.0%,33.3%
2024-2025,2024-11-09,USTA,First Ball,5,1,100.0%,100.0%
2024-2025,2024-11-09,USTA,First Ball,6,0,0.0%,0.0%
2024-2025,2024-11-09,USTA,Transition,1,0,0.0%,0.0%
2024-2025,2024-11-09,USTA,Transition,2,5,60.0%,40.0%
2024-2025,2024-11-09,USTA,Transition,3,7,71.0%,71.4%
2024-2025,2024-11-09,USTA,Transition,4,13,62.0%,61.5%
2024-2025,2024-11-09,USTA,Transition,5,0,0.0%,0.0%
2024-2025,2024-11-09,USTA,Transition,6,1,100.0%,100.0%
2024-2025,2024-11-10,CU,Overall,1,11,45.0%,36.4%
2024-2025,2024-11-10,CU,Overall,2,21,29.0%,4.8%
2024-2025,2024-11-10,CU,Overall,3,12,25.0%,8.3%
2024-2025,2024-11-10,CU,Overall,4,44,36.0%,18.2%
2024-2025,2024-11-10,CU,Overall,5,2,0.0%,-50.0%
2024-2025,2024-11-10,CU,Overall,6,5,0.0%,-40.0%
2024-2025,2024-11-10,CU,First Ball,1,9,44.0%,44.4%
2024-2025,2024-11-10,CU,First Ball,2,14,36.0%,28.6%
2024-2025,2024-11-10,CU,First Ball,3,10,30.0%,20.0%
2024-2025,2024-11-10,CU,First Ball,4,25,40.0%,16.0%
2024-2025,2024-11-10,CU,First Ball,5,1,0.0%,-100.0%
2024-2025,2024-11-10,CU,First Ball,6,2,0.0%,-50.0%
2024-2025,2024-11-10,CU,Transition,1,2,50.0%,0.0%
2024-2025,2024-11-10,CU,Transition,2,7,14.0%,-42.9%
2024-2025,2024-11-10,CU,Transition,3,2,0.0%,-50.0%
2024-2025,2024-11-10,CU,Transition,4,19,32.0%,21.1%
2024-2025,2024-11-10,CU,Transition,5,1,0.0%,0.0%
2024-2025,2024-11-10,CU,Transition,6,3,0.0%,-33.3%
2024-2025,2024-11-10,USTA,Overall,1,10,80.0%,80.0%
2024-2025,2024-11-10,USTA,Overall,2,20,50.0%,35.0%
2024-2025,2024-11-10,USTA,Overall,3,20,50.0%,35.0%
2024-2025,2024-11-10,USTA,Overall,4,42,33.0%,16.7%
2024-2025,2024-11-10,USTA,Overall,5,1,0.0%,0.0%
2024-2025,2024-11-10,USTA,Overall,6,1,0.0%,0.0%
2024-2025,2024-11-10,USTA,First Ball,1,7,71.0%,71.4%
2024-2025,2024-11-10,USTA,First Ball,2,9,44.0%,33.3%
2024-2025,2024-11-10,USTA,First Ball,3,12,50.0%,41.7%
2024-2025,2024-11-10,USTA,First Ball,4,21,43.0%,28.6%
2024-2025,2024-11-10,USTA,First Ball,5,0,0.0%,0.0%
2024-2025,2024-11-10,USTA,First Ball,6,0,0.0%,0.0%
2024-2025,2024-11-10,USTA,Transition,1,3,100.0%,100.0%
2024-2025,2024-11-10,USTA,Transition,2,11,55.0%,36.4%
2024-2025,2024-11-10,USTA,Transition,3,8,50.0%,25.0%
2024-2025,2024-11-10,USTA,Transition,4,21,24.0%,4.8%
2024-2025,2024-11-10,USTA,Transition,5,1,0.0%,0.0%
2024-2025,2024-11-10,USTA,Transition,6,1,0.0%,0.0%
2024-2025,2024-11-15,CU,Overall,1,1,0.0%,-100.0%
2024-2025,2024-11-15,CU,Overall,2,23,52.0%,30.4%
2024-2025,2024-11-15,CU,Overall,3,12,42.0%,33.3%
2024-2025,2024-11-15,CU,Overall,4,51,33.0%,13.7%
2024-2025,2024-11-15,CU,Overall,5,1,0.0%,0.0%
2024-2025,2024-11-15,CU,Overall,6,1,0.0%,0.0%
2024-2025,2024-11-15,CU,First Ball,1,1,0.0%,-100.0%
2024-2025,2024-11-15,CU,First Ball,2,13,69.0%,53.8%
2024-2025,2024-11-15,CU,First Ball,3,10,40.0%,30.0%
2024-2025,2024-11-15,CU,First Ball,4,34,38.0%,23.5%
2024-2025,2024-11-15,CU,First Ball,5,0,0.0%,0.0%
2024-2025,2024-11-15,CU,First Ball,6,0,0.0%,0.0%
2024-2025,2024-11-15,CU,Transition,1,0,0.0%,0.0%
2024-2025,2024-11-15,CU,Transition,2,10,30.0%,0.0%
2024-2025,2024-11-15,CU,Transition,3,2,50.0%,50.0%
2024-2025,2024-11-15,CU,Transition,4,17,24.0%,-5.9%
2024-2025,2024-11-15,CU,Transition,5,1,0.0%,0.0%
2024-2025,2024-11-15,CU,Transition,6,1,0.0%,0.0%
2024-2025,2024-11-15,UNBSJ,Overall,1,0,0.0%,0.0%
2024-2025,2024-11-15,UNBSJ,Overall,2,20,35.0%,5.0%
2024-2025,2024-11-15,UNBSJ,Overall,3,9,44.0%,22.2%
2024-2025,2024-11-15,UNBSJ,Overall,4,66,56.0%,40.9%
2024-2025,2024-11-15,UNBSJ,Overall,5,1,0.0%,0.0%
2024-2025,2024-11-15,UNBSJ,Overall,6,0,0.0%,0.0%
2024-2025,2024-11-15,UNBSJ,First Ball,1,0,0.0%,0.0%
2024-2025,2024-11-15,UNBSJ,First Ball,2,11,36.0%,0.0%
2024-2025,2024-11-15,UNBSJ,First Ball,3,5,40.0%,20.0%
2024-2025,2024-11-15,UNBSJ,First Ball,4,40,60.0%,50.0%
2024-2025,2024-11-15,UNBSJ,First Ball,5,1,0.0%,0.0%
2024-2025,2024-11-15,UNBSJ,First Ball,6,0,0.0%,0.0%
2024-2025,2024-11-15,UNBSJ,Transition,1,0,0.0%,0.0%
2024-2025,2024-11-15,UNBSJ,Transition,2,9,33.0%,11.1%
2024-2025,2024-11-15,UNBSJ,Transition,3,4,50.0%,25.0%
2024-2025,2024-11-15,UNBSJ,Transition,4,26,50.0%,26.9%
2024-2025,2024-11-15,UNBSJ,Transition,5,0,0.0%,0.0%
2024-2025,2024-11-15,UNBSJ,Transition,6,0,0.0%,0.0%
2024-2025,2024-11-17,CU,Overall,1,4,50.0%,25.0%
2024-2025,2024-11-17,CU,Overall,2,31,42.0%,16.1%
2024-2025,2024-11-17,CU,Overall,3,15,27.0%,13.3%
2024-2025,2024-11-17,CU,Overall,4,54,43.0%,24.1%
2024-2025,2024-11-17,CU,Overall,5,2,0.0%,0.0%
2024-2025,2024-11-17,CU,Overall,6,5,20.0%,-40.0%
2024-2025,2024-11-17,CU,First Ball,1,3,67.0%,66.7%
2024-2025,2024-11-17,CU,First Ball,2,23,43.0%,21.7%
2024-2025,2024-11-17,CU,First Ball,3,14,29.0%,14.3%
2024-2025,2024-11-17,CU,First Ball,4,33,48.0%,30.3%
2024-2025,2024-11-17,CU,First Ball,5,0,0.0%,0.0%
2024-2025,2024-11-17,CU,First Ball,6,0,0.0%,0.0%
2024-2025,2024-11-17,CU,Transition,1,1,0.0%,-100.0%
2024-2025,2024-11-17,CU,Transition,2,8,38.0%,0.0%
2024-2025,2024-11-17,CU,Transition,3,1,0.0%,0.0%
2024-2025,2024-11-17,CU,Transition,4,21,33.0%,14.3%
2024-2025,2024-11-17,CU,Transition,5,2,0.0%,0.0%
2024-2025,2024-11-17,CU,Transition,6,5,20.0%,-40.0%
2024-2025,2024-11-17,UNBSJ,Overall,1,2,0.0%,0.0%
2024-2025,2024-11-17,UNBSJ,Overall,2,18,50.0%,44.4%
2024-2025,2024-11-17,UNBSJ,Overall,3,25,56.0%,40.0%
2024-2025,2024-11-17,UNBSJ,Overall,4,50,46.0%,30.0%
2024-2025,2024-11-17,UNBSJ,Overall,5,5,0.0%,-60.0%
2024-2025,2024-11-17,UNBSJ,Overall,6,2,0.0%,0.0%
2024-2025,2024-11-17,UNBSJ,First Ball,1,1,0.0%,0.0%
2024-2025,2024-11-17,UNBSJ,First Ball,2,9,44.0%,44.4%
2024-2025,2024-11-17,UNBSJ,First Ball,3,16,69.0%,50.0%
2024-2025,2024-11-17,UNBSJ,First Ball,4,27,59.0%,55.6%
2024-2025,2024-11-17,UNBSJ,First Ball,5,3,0.0%,-33.3%
2024-2025,2024-11-17,UNBSJ,First Ball,6,2,0.0%,0.0%
2024-2025,2024-11-17,UNBSJ,Transition,1,1,0.0%,0.0%
2024-2025,2024-11-17,UNBSJ,Transition,2,9,56.0%,44.4%
2024-2025,2024-11-17,UNBSJ,Transition,3,9,33.0%,22.2%
2024-2025,2024-11-17,UNBSJ,Transition,4,23,30.0%,0.0%
2024-2025,2024-11-17,UNBSJ,Transition,5,2,0.0%,-100.0%
2024-2025,2024-11-17,UNBSJ,Transition,6,0,0.0%,0.0%
2024-2025,2024-11-23,CU,Overall,1,4,50.0%,25.0%
2024-2025,2024-11-23,CU,Overall,2,14,21.0%,0.0%
2024-2025,2024-11-23,CU,Overall,3,12,17.0%,-16.7%
2024-2025,2024-11-23,CU,Overall,4,19,42.0%,26.3%
2024-2025,2024-11-23,CU,Overall,5,2,0.0%,0.0%
2024-2025,2024-11-23,CU,Overall,6,1,0.0%,0.0%
2024-2025,2024-11-23,CU,First Ball,1,2,50.0%,0.0%
2024-2025,2024-11-23,CU,First Ball,2,10,30.0%,0.0%
2024-2025,2024-11-23,CU,First Ball,3,8,25.0%,-25.0%
2024-2025,2024-11-23,CU,First Ball,4,8,50.0%,50.0%
2024-2025,2024-11-23,CU,First Ball,5,2,0.0%,0.0%
2024-2025,2024-11-23,CU,First Ball,6,0,0.0%,0.0%
2024-2025,2024-11-23,CU,Transition,1,2,50.0%,50.0%
2024-2025,2024-11-23,CU,Transition,2,4,0.0%,0.0%
2024-2025,2024-11-23,CU,Transition,3,4,0.0%,0.0%
2024-2025,2024-11-23,CU,Transition,4,11,36.0%,9.1%
2024-2025,2024-11-23,CU,Transition,5,0,0.0%,0.0%
2024-2025,2024-11-23,CU,Transition,6,1,0.0%,0.0%
2024-2025,2024-11-23,STU,Overall,1,0,0.0%,0.0%
2024-2025,2024-11-23,STU,Overall,2,15,47.0%,26.7%
2024-2025,2024-11-23,STU,Overall,3,16,44.0%,43.8%
2024-2025,2024-11-23,STU,Overall,4,31,58.0%,54.8%
2024-2025,2024-11-23,STU,Overall,5,1,0.0%,0.0%
2024-2025,2024-11-23,STU,Overall,6,0,0.0%,0.0%
2024-2025,2024-11-23,STU,First Ball,1,0,0.0%,0.0%
2024-2025,2024-11-23,STU,First Ball,2,5,60.0%,40.0%
2024-2025,2024-11-23,STU,First Ball,3,9,44.0%,44.4%
2024-2025,2024-11-23,STU,First Ball,4,16,56.0%,56.3%
2024-2025,2024-11-23,STU,First Ball,5,0,0.0%,0.0%
2024-2025,2024-11-23,STU,First Ball,6,0,0.0%,0.0%
2024-2025,2024-11-23,STU,Transition,1,0,0.0%,0.0%
2024-2025,2024-11-23,STU,Transition,2,10,40.0%,20.0%
2024-2025,2024-11-23,STU,Transition,3,7,43.0%,42.9%
2024-2025,2024-11-23,STU,Transition,4,15,60.0%,53.3%
2024-2025,2024-11-23,STU,Transition,5,1,0.0%,0.0%
2024-2025,2024-11-23,STU,Transition,6,0,0.0%,0.0%
2024-2025,2024-11-24,CU,Overall,1,2,0.0%,-50.0%
2024-2025,2024-11-24,CU,Overall,2,16,13.0%,-18.8%
2024-2025,2024-11-24,CU,Overall,3,8,38.0%,-12.5%
2024-2025,2024-11-24,CU,Overall,4,22,32.0%,13.6%
2024-2025,2024-11-24,CU,Overall,5,1,0.0%,0.0%
2024-2025,2024-11-24,CU,Overall,6,2,0.0%,-50.0%
2024-2025,2024-11-24,CU,First Ball,1,2,0.0%,-50.0%
2024-2025,2024-11-24,CU,First Ball,2,11,18.0%,-9.1%
2024-2025,2024-11-24,CU,First Ball,3,6,33.0%,-16.7%
2024-2025,2024-11-24,CU,First Ball,4,17,29.0%,11.8%
2024-2025,2024-11-24,CU,First Ball,5,1,0.0%,0.0%
2024-2025,2024-11-24,CU,First Ball,6,2,0.0%,-50.0%
2024-2025,2024-11-24,CU,Transition,1,0,0.0%,0.0%
2024-2025,2024-11-24,CU,Transition,2,5,0.0%,-40.0%
2024-2025,2024-11-24,CU,Transition,3,2,50.0%,0.0%
2024-2025,2024-11-24,CU,Transition,4,5,40.0%,20.0%
2024-2025,2024-11-24,CU,Transition,5,0,0.0%,0.0%
2024-2025,2024-11-24,CU,Transition,6,0,0.0%,0.0%
2024-2025,2024-11-24,STU,Overall,1,2,0.0%,-50.0%
2024-2025,2024-11-24,STU,Overall,2,16,63.0%,56.3%
2024-2025,2024-11-24,STU,Overall,3,7,86.0%,85.7%
2024-2025,2024-11-24,STU,Overall,4,25,44.0%,12.0%
2024-2025,2024-11-24,STU,Overall,5,0,0.0%,0.0%
2024-2025,2024-11-24,STU,Overall,6,0,0.0%,0.0%
2024-2025,2024-11-24,STU,First Ball,1,1,0.0%,-100.0%
2024-2025,2024-11-24,STU,First Ball,2,11,55.0%,45.5%
2024-2025,2024-11-24,STU,First Ball,3,2,100.0%,100.0%
2024-2025,2024-11-24,STU,First Ball,4,21,43.0%,9.5%
2024-2025,2024-11-24,STU,First Ball,5,0,0.0%,0.0%
2024-2025,2024-11-24,STU,First Ball,6,0,0.0%,0.0%
2024-2025,2024-11-24,STU,Transition,1,1,0.0%,0.0%
2024-2025,2024-11-24,STU,Transition,2,5,80.0%,80.0%
2024-2025,2024-11-24,STU,Transition,3,5,80.0%,80.0%
2024-2025,2024-11-24,STU,Transition,4,4,50.0%,25.0%
2024-2025,2024-11-24,STU,Transition,5,0,0.0%,0.0%
2024-2025,2024-11-24,STU,Transition,6,0,0.0%,0.0%
2024-2025,2025-01-11,CU,Overall,1,1,100.0%,100.0%
2024-2025,2025-01-11,CU,Overall,2,21,43.0%,19.0%
2024-2025,2025-01-11,CU,Overall,3,12,33.0%,16.7%
2024-2025,2025-01-11,CU,Overall,4,34,38.0%,14.7%
2024-2025,2025-01-11,CU,Overall,5,1,0.0%,0.0%
2024-2025,2025-01-11,CU,Overall,6,4,25.0%,25.0%
2024-2025,2025-01-11,CU,First Ball,1,1,100.0%,100.0%
2024-2025,2025-01-11,CU,First Ball,2,11,45.0%,36.4%
2024-2025,2025-01-11,CU,First Ball,3,10,30.0%,10.0%
2024-2025,2025-01-11,CU,First Ball,4,24,38.0%,20.8%
2024-2025,2025-01-11,CU,First Ball,5,1,0.0%,0.0%
2024-2025,2025-01-11,CU,First Ball,6,1,0.0%,0.0%
2024-2025,2025-01-11,CU,Transition,1,0,0.0%,0.0%
2024-2025,2025-01-11,CU,Transition,2,10,40.0%,0.0%
2024-2025,2025-01-11,CU,Transition,3,2,50.0%,50.0%
2024-2025,2025-01-11,CU,Transition,4,10,40.0%,0.0%
2024-2025,2025-01-11,CU,Transition,5,0,0.0%,0.0%
2024-2025,2025-01-11,CU,Transition,6,3,33.0%,33.3%
2024-2025,2025-01-11,UNBSJ,Overall,1,1,0.0%,0.0%
2024-2025,2025-01-11,UNBSJ,Overall,2,25,36.0%,12.0%
2024-2025,2025-01-11,UNBSJ,Overall,3,18,33.0%,0.0%
2024-2025,2025-01-11,UNBSJ,Overall,4,40,55.0%,40.0%
2024-2025,2025-01-11,UNBSJ,Overall,5,1,0.0%,-100.0%
2024-2025,2025-01-11,UNBSJ,Overall,6,1,100.0%,100.0%
2024-2025,2025-01-11,UNBSJ,First Ball,1,0,0.0%,0.0%
2024-2025,2025-01-11,UNBSJ,First Ball,2,17,29.0%,0.0%
2024-2025,2025-01-11,UNBSJ,First Ball,3,11,55.0%,36.4%
2024-2025,2025-01-11,UNBSJ,First Ball,4,26,54.0%,38.5%
2024-2025,2025-01-11,UNBSJ,First Ball,5,1,0.0%,-100.0%
2024-2025,2025-01-11,UNBSJ,First Ball,6,1,100.0%,100.0%
2024-2025,2025-01-11,UNBSJ,Transition,1,1,0.0%,0.0%
2024-2025,2025-01-11,UNBSJ,Transition,2,8,50.0%,37.5%
2024-2025,2025-01-11,UNBSJ,Transition,3,7,0.0%,-57.1%
2024-2025,2025-01-11,UNBSJ,Transition,4,14,57.0%,42.9%
2024-2025,2025-01-11,UNBSJ,Transition,5,0,0.0%,0.0%
2024-2025,2025-01-11,UNBSJ,Transition,6,0,0.0%,0.0%
2024-2025,2025-01-12,CU,Overall,1,4,50.0%,50.0%
2024-2025,2025-01-12,CU,Overall,2,20,55.0%,40.0%
2024-2025,2025-01-12,CU,Overall,3,13,54.0%,46.2%
2024-2025,2025-01-12,CU,Overall,4,49,51.0%,34.7%
2024-2025,2025-01-12,CU,Overall,5,2,0.0%,0.0%
2024-2025,2025-01-12,CU,Overall,6,6,33.0%,16.7%
2024-2025,2025-01-12,CU,First Ball,1,2,50.0%,50.0%
2024-2025,2025-01-12,CU,First Ball,2,9,56.0%,44.4%
2024-2025,2025-01-12,CU,First Ball,3,8,75.0%,75.0%
2024-2025,2025-01-12,CU,First Ball,4,28,64.0%,53.6%
2024-2025,2025-01-12,CU,First Ball,5,1,0.0%,0.0%
2024-2025,2025-01-12,CU,First Ball,6,2,50.0%,50.0%
2024-2025,2025-01-12,CU,Transition,1,2,50.0%,50.0%
2024-2025,2025-01-12,CU,Transition,2,11,55.0%,36.4%
2024-2025,2025-01-12,CU,Transition,3,5,20.0%,0.0%
2024-2025,2025-01-12,CU,Transition,4,21,33.0%,9.5%
2024-2025,2025-01-12,CU,Transition,5,1,0.0%,0.0%
2024-2025,2025-01-12,CU,Transition,6,4,25.0%,0.0%
2024-2025,2025-01-12,UNBSJ,Overall,1,3,0.0%,-33.3%
2024-2025,2025-01-12,UNBSJ,Overall,2,34,41.0%,23.5%
2024-2025,2025-01-12,UNBSJ,Overall,3,17,47.0%,35.3%
2024-2025,2025-01-12,UNBSJ,Overall,4,51,33.0%,19.6%
2024-2025,2025-01-12,UNBSJ,Overall,5,2,100.0%,100.0%
2024-2025,2025-01-12,UNBSJ,Overall,6,2,0.0%,0.0%
2024-2025,2025-01-12,UNBSJ,First Ball,1,0,0.0%,0.0%
2024-2025,2025-01-12,UNBSJ,First Ball,2,24,38.0%,16.7%
2024-2025,2025-01-12,UNBSJ,First Ball,3,9,56.0%,55.6%
2024-2025,2025-01-12,UNBSJ,First Ball,4,32,44.0%,28.1%
2024-2025,2025-01-12,UNBSJ,First Ball,5,2,100.0%,100.0%
2024-2025,2025-01-12,UNBSJ,First Ball,6,2,0.0%,0.0%
2024-2025,2025-01-12,UNBSJ,Transition,1,3,0.0%,3330.0%
2024-2025,2025-01-12,UNBSJ,Transition,2,10,50.0%,40.0%
2024-2025,2025-01-12,UNBSJ,Transition,3,8,38.0%,12.5%
2024-2025,2025-01-12,UNBSJ,Transition,4,19,16.0%,5.3%
2024-2025,2025-01-12,UNBSJ,Transition,5,0,0.0%,0.0%
2024-2025,2025-01-12,UNBSJ,Transition,6,0,0.0%,0.0%
2024-2025,2025-01-18,CU,Overall,1,4,0.0%,-50.0%
2024-2025,2025-01-18,CU,Overall,2,14,36.0%,21.4%
2024-2025,2025-01-18,CU,Overall,3,10,10.0%,-20.0%
2024-2025,2025-01-18,CU,Overall,4,27,30.0%,7.4%
2024-2025,2025-01-18,CU,Overall,5,0,0.0%,0.0%
2024-2025,2025-01-18,CU,Overall,6,4,0.0%,0.0%
2024-2025,2025-01-18,CU,First Ball,1,3,0.0%,-33.3%
2024-2025,2025-01-18,CU,First Ball,2,8,50.0%,37.5%
2024-2025,2025-01-18,CU,First Ball,3,7,14.0%,-14.3%
2024-2025,2025-01-18,CU,First Ball,4,18,33.0%,16.7%
2024-2025,2025-01-18,CU,First Ball,5,0,0.0%,0.0%
2024-2025,2025-01-18,CU,First Ball,6,2,0.0%,0.0%
2024-2025,2025-01-18,CU,Transition,1,1,0.0%,-100.0%
2024-2025,2025-01-18,CU,Transition,2,6,17.0%,0.0%
2024-2025,2025-01-18,CU,Transition,3,3,0.0%,-33.3%
2024-2025,2025-01-18,CU,Transition,4,9,22.0%,-11.1%
2024-2025,2025-01-18,CU,Transition,5,0,0.0%,0.0%
2024-2025,2025-01-18,CU,Transition,6,2,0.0%,0.0%
2024-2025,2025-01-18,STU,Overall,1,1,100.0%,100.0%
2024-2025,2025-01-18,STU,Overall,2,13,69.0%,61.5%
2024-2025,2025-01-18,STU,Overall,3,6,33.0%,16.7%
2024-2025,2025-01-18,STU,Overall,4,58,28.0%,10.3%
2024-2025,2025-01-18,STU,Overall,5,0,0.0%,0.0%
2024-2025,2025-01-18,STU,Overall,6,0,0.0%,0.0%
2024-2025,2025-01-18,STU,First Ball,1,1,100.0%,100.0%
2024-2025,2025-01-18,STU,First Ball,2,6,67.0%,50.0%
2024-2025,2025-01-18,STU,First Ball,3,1,0.0%,0.0%
2024-2025,2025-01-18,STU,First Ball,4,26,35.0%,26.9%
2024-2025,2025-01-18,STU,First Ball,5,0,0.0%,0.0%
2024-2025,2025-01-18,STU,First Ball,6,0,0.0%,0.0%
2024-2025,2025-01-18,STU,Transition,1,0,0.0%,0.0%
2024-2025,2025-01-18,STU,Transition,2,7,71.0%,71.4%
2024-2025,2025-01-18,STU,Transition,3,5,40.0%,20.0%
2024-2025,2025-01-18,STU,Transition,4,32,22.0%,-3.1%
2024-2025,2025-01-18,STU,Transition,5,0,0.0%,0.0%
2024-2025,2025-01-18,STU,Transition,6,0,0.0%,0.0%
2024-2025,2025-01-19,CU,Overall,1,7,0.0%,-28.6%
2024-2025,2025-01-19,CU,Overall,2,11,27.0%,-18.2%
2024-2025,2025-01-19,CU,Overall,3,10,40.0%,20.0%
2024-2025,2025-01-19,CU,Overall,4,26,46.0%,30.8%
2024-2025,2025-01-19,CU,Overall,5,2,50.0%,50.0%
2024-2025,2025-01-19,CU,Overall,6,3,33.0%,0.0%
2024-2025,2025-01-19,CU,First Ball,1,3,0.0%,0.0%
2024-2025,2025-01-19,CU,First Ball,2,4,50.0%,25.0%
2024-2025,2025-01-19,CU,First Ball,3,5,60.0%,60.0%
2024-2025,2025-01-19,CU,First Ball,4,20,45.0%,25.0%
2024-2025,2025-01-19,CU,First Ball,5,2,50.0%,50.0%
2024-2025,2025-01-19,CU,First Ball,6,0,0.0%,0.0%
2024-2025,2025-01-19,CU,Transition,1,4,0.0%,-50.0%
2024-2025,2025-01-19,CU,Transition,2,7,14.0%,-42.9%
2024-2025,2025-01-19,CU,Transition,3,5,20.0%,-20.0%
2024-2025,2025-01-19,CU,Transition,4,6,50.0%,50.0%
2024-2025,2025-01-19,CU,Transition,5,0,0.0%,0.0%
2024-2025,2025-01-19,CU,Transition,6,3,33.0%,0.0%
2024-2025,2025-01-19,STU,Overall,1,4,50.0%,25.0%
2024-2025,2025-01-19,STU,Overall,2,16,44.0%,6.3%
2024-2025,2025-01-19,STU,Overall,3,10,60.0%,40.0%
2024-2025,2025-01-19,STU,Overall,4,42,48.0%,28.6%
2024-2025,2025-01-19,STU,Overall,5,2,0.0%,0.0%
2024-2025,2025-01-19,STU,Overall,6,2,0.0%,0.0%
2024-2025,2025-01-19,STU,First Ball,1,3,67.0%,33.3%
2024-2025,2025-01-19,STU,First Ball,2,12,42.0%,8.3%
2024-2025,2025-01-19,STU,First Ball,3,7,71.0%,57.1%
2024-2025,2025-01-19,STU,First Ball,4,21,38.0%,14.3%
2024-2025,2025-01-19,STU,First Ball,5,1,0.0%,0.0%
2024-2025,2025-01-19,STU,First Ball,6,1,0.0%,0.0%
2024-2025,2025-01-19,STU,Transition,1,1,0.0%,0.0%
2024-2025,2025-01-19,STU,Transition,2,4,50.0%,0.0%
2024-2025,2025-01-19,STU,Transition,3,3,33.0%,0.0%
2024-2025,2025-01-19,STU,Transition,4,21,57.0%,42.9%
2024-2025,2025-01-19,STU,Transition,5,1,0.0%,0.0%
2024-2025,2025-01-19,STU,Transition,6,1,0.0%,0.0%
2024-2025,2025-01-25,CU,Overall,1,4,50.0%,0.0%
2024-2025,2025-01-25,CU,Overall,2,23,26.0%,-217.0%
2024-2025,2025-01-25,CU,Overall,3,21,43.0%,33.3%
2024-2025,2025-01-25,CU,Overall,4,50,48.0%,40.0%
2024-2025,2025-01-25,CU,Overall,5,2,0.0%,-100.0%
2024-2025,2025-01-25,CU,Overall,6,1,0.0%,0.0%
2024-2025,2025-01-25,CU,First Ball,1,2,100.0%,100.0%
2024-2025,2025-01-25,CU,First Ball,2,11,27.0%,-27.3%
2024-2025,2025-01-25,CU,First Ball,3,17,53.0%,41.2%
2024-2025,2025-01-25,CU,First Ball,4,33,52.0%,424.0%
2024-2025,2025-01-25,CU,First Ball,5,2,0.0%,-100.0%
2024-2025,2025-01-25,CU,First Ball,6,0,0.0%,0.0%
2024-2025,2025-01-25,CU,Transition,1,2,0.0%,-100.0%
2024-2025,2025-01-25,CU,Transition,2,12,25.0%,-16.7%
2024-2025,2025-01-25,CU,Transition,3,4,0.0%,0.0%
2024-2025,2025-01-25,CU,Transition,4,17,41.0%,35.3%
2024-2025,2025-01-25,CU,Transition,5,0,0.0%,0.0%
2024-2025,2025-01-25,CU,Transition,6,1,0.0%,0.0%
2024-2025,2025-01-25,Holland,Overall,1,5,40.0%,20.0%
2024-2025,2025-01-25,Holland,Overall,2,21,24.0%,-9.5%
2024-2025,2025-01-25,Holland,Overall,3,21,38.0%,33.3%
2024-2025,2025-01-25,Holland,Overall,4,48,33.0%,0.0%
2024-2025,2025-01-25,Holland,Overall,5,2,50.0%,0.0%
2024-2025,2025-01-25,Holland,Overall,6,5,40.0%,20.0%
2024-2025,2025-01-25,Holland,First Ball,1,2,50.0%,50.0%
2024-2025,2025-01-25,Holland,First Ball,2,16,19.0%,-25.0%
2024-2025,2025-01-25,Holland,First Ball,3,14,36.0%,28.6%
2024-2025,2025-01-25,Holland,First Ball,4,29,34.0%,6.9%
2024-2025,2025-01-25,Holland,First Ball,5,1,100.0%,100.0%
2024-2025,2025-01-25,Holland,First Ball,6,4,50.0%,50.0%
2024-2025,2025-01-25,Holland,Transition,1,3,33.0%,0.0%
2024-2025,2025-01-25,Holland,Transition,2,5,40.0%,40.0%
2024-2025,2025-01-25,Holland,Transition,3,7,43.0%,42.9%
2024-2025,2025-01-25,Holland,Transition,4,19,32.0%,-10.5%
2024-2025,2025-01-25,Holland,Transition,5,1,0.0%,-100.0%
2024-2025,2025-01-25,Holland,Transition,6,1,0.0%,-100.0%
2024-2025,2025-01-29,CU,Overall,1,0,0.0%,0.0%
2024-2025,2025-01-29,CU,Overall,2,19,32.0%,0.0%
2024-2025,2025-01-29,CU,Overall,3,19,37.0%,21.1%
2024-2025,2025-01-29,CU,Overall,4,30,33.0%,0.0%
2024-2025,2025-01-29,CU,Overall,5,0,0.0%,0.0%
2024-2025,2025-01-29,CU,Overall,6,1,0.0%,0.0%
2024-2025,2025-01-29,CU,First Ball,1,0,0.0%,0.0%
2024-2025,2025-01-29,CU,First Ball,2,12,33.0%,8.3%
2024-2025,2025-01-29,CU,First Ball,3,13,46.0%,30.8%
2024-2025,2025-01-29,CU,First Ball,4,17,29.0%,0.0%
2024-2025,2025-01-29,CU,First Ball,5,0,0.0%,0.0%
2024-2025,2025-01-29,CU,First Ball,6,0,0.0%,0.0%
2024-2025,2025-01-29,CU,Transition,1,0,0.0%,0.0%
2024-2025,2025-01-29,CU,Transition,2,7,29.0%,-14.3%
2024-2025,2025-01-29,CU,Transition,3,6,17.0%,0.0%
2024-2025,2025-01-29,CU,Transition,4,13,38.0%,0.0%
2024-2025,2025-01-29,CU,Transition,5,0,0.0%,0.0%
2024-2025,2025-01-29,CU,Transition,6,1,0.0%,0.0%
2024-2025,2025-01-29,Holland,Overall,1,0,0.0%,0.0%
2024-2025,2025-01-29,Holland,Overall,2,18,50.0%,38.9%
2024-2025,2025-01-29,Holland,Overall,3,25,44.0%,32.0%
2024-2025,2025-01-29,Holland,Overall,4,29,41.0%,31.0%
2024-2025,2025-01-29,Holland,Overall,5,0,0.0%,0.0%
2024-2025,2025-01-29,Holland,Overall,6,0,0.0%,0.0%
2024-2025,2025-01-29,Holland,First Ball,1,0,0.0%,0.0%
2024-2025,2025-01-29,Holland,First Ball,2,11,45.0%,36.4%
2024-2025,2025-01-29,Holland,First Ball,3,16,50.0%,37.5%
2024-2025,2025-01-29,Holland,First Ball,4,18,44.0%,33.3%
2024-2025,2025-01-29,Holland,First Ball,5,0,0.0%,0.0%
2024-2025,2025-01-29,Holland,First Ball,6,0,0.0%,0.0%
2024-2025,2025-01-29,Holland,Transition,1,0,0.0%,0.0%
2024-2025,2025-01-29,Holland,Transition,2,7,57.0%,42.9%
2024-2025,2025-01-29,Holland,Transition,3,9,33.0%,22.2%
2024-2025,2025-01-29,Holland,Transition,4,11,36.0%,27.3%
2024-2025,2025-01-29,Holland,Transition,5,0,0.0%,0.0%
2024-2025,2025-01-29,Holland,Transition,6,0,0.0%,0.0%
2024-2025,2025-02-08,CU,Overall,1,5,0.0%,-40.0%
2024-2025,2025-02-08,CU,Overall,2,24,29.0%,-4.2%
2024-2025,2025-02-08,CU,Overall,3,19,53.0%,52.6%
2024-2025,2025-02-08,CU,Overall,4,49,45.0%,28.6%
2024-2025,2025-02-08,CU,Overall,5,1,0.0%,0.0%
2024-2025,2025-02-08,CU,Overall,6,3,0.0%,0.0%
2024-2025,2025-02-08,CU,First Ball,1,2,0.0%,50.0%
2024-2025,2025-02-08,CU,First Ball,2,14,21.0%,-28.6%
2024-2025,2025-02-08,CU,First Ball,3,13,54.0%,53.8%
2024-2025,2025-02-08,CU,First Ball,4,22,41.0%,18.2%
2024-2025,2025-02-08,CU,First Ball,5,1,0.0%,0.0%
2024-2025,2025-02-08,CU,First Ball,6,0,0.0%,0.0%
2024-2025,2025-02-08,CU,Transition,1,3,0.0%,-33.3%
2024-2025,2025-02-08,CU,Transition,2,10,40.0%,30.0%
2024-2025,2025-02-08,CU,Transition,3,6,50.0%,50.0%
2024-2025,2025-02-08,CU,Transition,4,27,48.0%,37.0%
2024-2025,2025-02-08,CU,Transition,5,0,0.0%,0.0%
2024-2025,2025-02-08,CU,Transition,6,3,0.0%,0.0%
2024-2025,2025-02-08,DAL AC,Overall,1,4,0.0%,-25.0%
2024-2025,2025-02-08,DAL AC,Overall,2,19,21.0%,5.3%
2024-2025,2025-02-08,DAL AC,Overall,3,21,38.0%,28.6%
2024-2025,2025-02-08,DAL AC,Overall,4,55,47.0%,30.9%
2024-2025,2025-02-08,DAL AC,Overall,5,5,0.0%,0.0%
2024-2025,2025-02-08,DAL AC,Overall,6,4,25.0%,0.0%
2024-2025,2025-02-08,DAL AC,First Ball,1,2,0.0%,0.0%
2024-2025,2025-02-08,DAL AC,First Ball,2,11,27.0%,9.1%
2024-2025,2025-02-08,DAL AC,First Ball,3,14,50.0%,50.0%
2024-2025,2025-02-08,DAL AC,First Ball,4,26,54.0%,42.3%
2024-2025,2025-02-08,DAL AC,First Ball,5,4,0.0%,0.0%
2024-2025,2025-02-08,DAL AC,First Ball,6,1,0.0%,-100.0%
2024-2025,2025-02-08,DAL AC,Transition,1,2,0.0%,-50.0%
2024-2025,2025-02-08,DAL AC,Transition,2,8,13.0%,0.0%
2024-2025,2025-02-08,DAL AC,Transition,3,7,14.0%,-14.3%
2024-2025,2025-02-08,DAL AC,Transition,4,29,41.0%,20.7%
2024-2025,2025-02-08,DAL AC,Transition,5,1,0.0%,0.0%
2024-2025,2025-02-08,DAL AC,Transition,6,3,33.0%,33.3%
2024-2025,2025-02-09,CU,Overall,1,1,0.0%,-100.0%
2024-2025,2025-02-09,CU,Overall,2,20,35.0%,5.0%
2024-2025,2025-02-09,CU,Overall,3,19,32.0%,10.5%
2024-2025,2025-02-09,CU,Overall,4,31,23.0%,320.0%
2024-2025,2025-02-09,CU,Overall,5,0,0.0%,0.0%
2024-2025,2025-02-09,CU,Overall,6,2,0.0%,0.0%
2024-2025,2025-02-09,CU,First Ball,1,0,0.0%,0.0%
2024-2025,2025-02-09,CU,First Ball,2,12,25.0%,-16.7%
2024-2025,2025-02-09,CU,First Ball,3,9,33.0%,22.2%
2024-2025,2025-02-09,CU,First Ball,4,17,24.0%,-17.6%
2024-2025,2025-02-09,CU,First Ball,5,0,0.0%,0.0%
2024-2025,2025-02-09,CU,First Ball,6,1,0.0%,0.0%
2024-2025,2025-02-09,CU,Transition,1,1,0.0%,-100.0%
2024-2025,2025-02-09,CU,Transition,2,8,50.0%,37.5%
2024-2025,2025-02-09,CU,Transition,3,10,30.0%,0.0%
2024-2025,2025-02-09,CU,Transition,4,14,21.0%,14.3%
2024-2025,2025-02-09,CU,Transition,5,0,0.0%,0.0%
2024-2025,2025-02-09,CU,Transition,6,1,0.0%,0.0%
2024-2025,2025-02-09,DAL AC,Overall,1,0,0.0%,0.0%
2024-2025,2025-02-09,DAL AC,Overall,2,15,27.0%,6.7%
2024-2025,2025-02-09,DAL AC,Overall,3,17,35.0%,17.6%
2024-2025,2025-02-09,DAL AC,Overall,4,45,24.0%,-2.2%
2024-2025,2025-02-09,DAL AC,Overall,5,0,0.0%,0.0%
2024-2025,2025-02-09,DAL AC,Overall,6,3,33.0%,-33.3%
2024-2025,2025-02-09,DAL AC,First Ball,1,0,0.0%,0.0%
2024-2025,2025-02-09,DAL AC,First Ball,2,8,38.0%,12.5%
2024-2025,2025-02-09,DAL AC,First Ball,3,11,36.0%,9.1%
2024-2025,2025-02-09,DAL AC,First Ball,4,23,35.0%,13.0%
2024-2025,2025-02-09,DAL AC,First Ball,5,0,0.0%,0.0%
2024-2025,2025-02-09,DAL AC,First Ball,6,1,100.0%,100.0%
2024-2025,2025-02-09,DAL AC,Transition,1,0,0.0%,0.0%
2024-2025,2025-02-09,DAL AC,Transition,2,7,14.0%,0.0%
2024-2025,2025-02-09,DAL AC,Transition,3,6,33.0%,33.3%
2024-2025,2025-02-09,DAL AC,Transition,4,22,14.0%,-18.2%
2024-2025,2025-02-09,DAL AC,Transition,5,0,0.0%,0.0%
2024-2025,2025-02-09,DAL AC,Transition,6,2,0.0%,-100.0%
2024-2025,2025-02-14,CU,Overall,1,0,0.0%,0.0%
2024-2025,2025-02-14,CU,Overall,2,10,30.0%,-10.0%
2024-2025,2025-02-14,CU,Overall,3,22,27.0%,4.5%
2024-2025,2025-02-14,CU,Overall,4,39,26.0%,-2.6%
2024-2025,2025-02-14,CU,Overall,5,1,0.0%,0.0%
2024-2025,2025-02-14,CU,Overall,6,2,50.0%,50.0%
2024-2025,2025-02-14,CU,First Ball,1,0,0.0%,0.0%
2024-2025,2025-02-14,CU,First Ball,2,6,17.0%,-33.3%
2024-2025,2025-02-14,CU,First Ball,3,14,36.0%,14.3%
2024-2025,2025-02-14,CU,First Ball,4,22,36.0%,18.2%
2024-2025,2025-02-14,CU,First Ball,5,1,0.0%,0.0%
2024-2025,2025-02-14,CU,First Ball,6,0,0.0%,0.0%
2024-2025,2025-02-14,CU,Transition,1,0,0.0%,0.0%
2024-2025,2025-02-14,CU,Transition,2,4,50.0%,25.0%
2024-2025,2025-02-14,CU,Transition,3,8,13.0%,-12.5%
2024-2025,2025-02-14,CU,Transition,4,17,12.0%,-29.4%
2024-2025,2025-02-14,CU,Transition,5,0,0.0%,0.0%
2024-2025,2025-02-14,CU,Transition,6,2,50.0%,50.0%
2024-2025,2025-02-14,USTA,Overall,1,2,0.0%,-50.0%
2024-2025,2025-02-14,USTA,Overall,2,24,67.0%,62.5%
2024-2025,2025-02-14,USTA,Overall,3,15,33.0%,6.7%
2024-2025,2025-02-14,USTA,Overall,4,29,48.0%,27.6%
2024-2025,2025-02-14,USTA,Overall,5,1,0.0%,0.0%
2024-2025,2025-02-14,USTA,Overall,6,0,0.0%,0.0%
2024-2025,2025-02-14,USTA,First Ball,1,1,0.0%,-100.0%
2024-2025,2025-02-14,USTA,First Ball,2,15,67.0%,60.0%
2024-2025,2025-02-14,USTA,First Ball,3,11,36.0%,0.0%
2024-2025,2025-02-14,USTA,First Ball,4,14,43.0%,28.6%
2024-2025,2025-02-14,USTA,First Ball,5,0,0.0%,0.0%
2024-2025,2025-02-14,USTA,First Ball,6,0,0.0%,0.0%
2024-2025,2025-02-14,USTA,Transition,1,1,0.0%,0.0%
2024-2025,2025-02-14,USTA,Transition,2,9,67.0%,66.7%
2024-2025,2025-02-14,USTA,Transition,3,4,25.0%,25.0%
2024-2025,2025-02-14,USTA,Transition,4,15,53.0%,26.7%
2024-2025,2025-02-14,USTA,Transition,5,1,0.0%,0.0%
2024-2025,2025-02-14,USTA,Transition,6,0,0.0%,0.0%
2024-2025,2025-02-15,CU,Overall,1,4,25.0%,25.0%
2024-2025,2025-02-15,CU,Overall,2,13,38.0%,15.4%
2024-2025,2025-02-15,CU,Overall,3,19,26.0%,10.5%
2024-2025,2025-02-15,CU,Overall,4,53,32.0%,20.8%
2024-2025,2025-02-15,CU,Overall,5,2,0.0%,-50.0%
2024-2025,2025-02-15,CU,Overall,6,4,0.0%,-50.0%
2024-2025,2025-02-15,CU,First Ball,1,3,0.0%,0.0%
2024-2025,2025-02-15,CU,First Ball,2,8,25.0%,0.0%
2024-2025,2025-02-15,CU,First Ball,3,12,33.0%,8.3%
2024-2025,2025-02-15,CU,First Ball,4,31,32.0%,25.8%
2024-2025,2025-02-15,CU,First Ball,5,1,0.0%,0.0%
2024-2025,2025-02-15,CU,First Ball,6,1,0.0%,0.0%
2024-2025,2025-02-15,CU,Transition,1,1,100.0%,100.0%
2024-2025,2025-02-15,CU,Transition,2,5,60.0%,40.0%
2024-2025,2025-02-15,CU,Transition,3,7,14.0%,14.3%
2024-2025,2025-02-15,CU,Transition,4,22,32.0%,13.6%
2024-2025,2025-02-15,CU,Transition,5,1,0.0%,-100.0%
2024-2025,2025-02-15,CU,Transition,6,3,0.0%,66.7%
2024-2025,2025-02-15,USTA,Overall,1,7,57.0%,42.9%
2024-2025,2025-02-15,USTA,Overall,2,20,55.0%,40.0%
2024-2025,2025-02-15,USTA,Overall,3,23,48.0%,21.7%
2024-2025,2025-02-15,USTA,Overall,4,44,48.0%,34.1%
2024-2025,2025-02-15,USTA,Overall,5,2,0.0%,-50.0%
2024-2025,2025-02-15,USTA,Overall,6,1,100.0%,100.0%
2024-2025,2025-02-15,USTA,First Ball,1,1,100.0%,100.0%
2024-2025,2025-02-15,USTA,First Ball,2,13,46.0%,30.8%
2024-2025,2025-02-15,USTA,First Ball,3,14,50.0%,21.4%
2024-2025,2025-02-15,USTA,First Ball,4,25,52.0%,40.0%
2024-2025,2025-02-15,USTA,First Ball,5,1,0.0%,-100.0%
2024-2025,2025-02-15,USTA,First Ball,6,0,0.0%,0.0%
2024-2025,2025-02-15,USTA,Transition,1,6,50.0%,33.3%
2024-2025,2025-02-15,USTA,Transition,2,7,71.0%,57.1%
2024-2025,2025-02-15,USTA,Transition,3,9,44.0%,22.2%
2024-2025,2025-02-15,USTA,Transition,4,19,42.0%,26.3%
2024-2025,2025-02-15,USTA,Transition,5,1,0.0%,0.0%
2024-2025,2025-02-15,USTA,Transition,6,1,100.0%,100.0%
